场景自然	自然景观	nature
场景自然	风景	scenery
场景自然	山水景观	landscape
场景自然	户外	outdoors
场景自然	森林	forest
场景自然	山脉	mountain
场景自然	山丘	hill
场景自然	远山轮廓	mountainous_horizon
场景自然	原野	field
场景自然	花田	flower_field
场景自然	竹林	bamboo_forest
场景自然	海滩	beach
场景自然	海洋	ocean
场景自然	岸边	shore
场景自然	河流	river
场景自然	湖泊	lake
场景自然	池塘	pond
场景自然	瀑布	waterfall
场景自然	水面	water
场景自然	水下	underwater
场景自然	海浪	waves
场景自然	水波	ripples
场景自然	水花	splashing
场景自然	沙地	sand
场景自然	岩石	rock
场景自然	悬崖	cliff
场景自然	沙漠	desert
场景自然	地平线	horizon
场景自然	冰	ice
场景自然	苔藓	moss
场景自然	珊瑚	coral
场景天象	天空	sky
场景天象	蓝天	blue_sky
场景天象	多云天空	cloudy_sky
场景天象	夜空	night_sky
场景天象	星空	starry_sky
场景天象	渐变天空	gradient_sky
场景天象	橙色天空	orange_sky
场景天象	红色天空	red_sky
场景天象	阴沉天空	grey_sky
场景天象	云朵	cloud
场景天象	太阳	sun
场景天象	月亮	moon
场景天象	满月	full_moon
场景天象	弯月	crescent_moon
场景天象	红月	red_moon
场景天象	星星	star_(sky)
场景天象	星座	constellation
场景天象	彩虹	rainbow
场景天象	日落	sunset
场景天象	日出	sunrise
场景天象	黄昏	dusk
场景天象	白天	day
场景天象	夜间	night
场景天象	下雨	rain
场景天象	积雪	snow
场景天象	降雪	snowing
场景天象	雪花	snowflakes
场景天象	雾	fog
场景天象	闪电	lightning
场景天象	风	wind
场景天象	春季	spring_(season)
场景天象	夏季	summer
场景天象	秋季	autumn
场景天象	冬季	winter
场景天象	阳光	sunlight
场景天象	光束	sunbeam
场景天象	光线	light_rays
场景天象	逆光	backlighting
场景天象	树隙阳光	dappled_sunlight
场景天象	树荫	tree_shade
场景天象	倒影	reflection
场景植物	植物	plant
场景植物	树木	tree
场景植物	枯树	bare_tree
场景植物	棕榈树	palm_tree
场景植物	竹子	bamboo
场景植物	草地	grass
场景植物	树叶	leaf
场景植物	枫叶	maple_leaf
场景植物	秋叶	autumn_leaves
场景植物	飘落的树叶	falling_leaves
场景植物	花朵	flower
场景植物	白花	white_flower
场景植物	红花	red_flower
场景植物	粉色花朵	pink_flower
场景植物	蓝色花朵	blue_flower
场景植物	紫色花朵	purple_flower
场景植物	黄花	yellow_flower
场景植物	黑色花朵	black_flower
场景植物	橙色花朵	orange_flower
场景植物	樱花	cherry_blossoms
场景植物	玫瑰	rose
场景植物	向日葵	sunflower
场景植物	百合	lily_(flower)
场景植物	花瓣	petals
场景植物	玫瑰花瓣	rose_petals
场景植物	飘落的花瓣	falling_petals
场景植物	花盆	flower_pot
场景植物	花环	flower_wreath
场景植物	萤火虫	fireflies
场景建筑	建筑	building
场景建筑	城市	city
场景建筑	城市风景	cityscape
场景建筑	城市灯光	city_lights
场景建筑	摩天大楼	skyscraper
场景建筑	道路	road
场景建筑	街道	street
场景建筑	小巷	alley
场景建筑	桥梁	bridge
场景建筑	铁轨	railroad_tracks
场景建筑	火车站	train_station
场景建筑	交通信号灯	traffic_light
场景建筑	拱门	arch
场景建筑	大门	gate
场景建筑	教堂	church
场景建筑	墓地	graveyard
NSFW裸露细节	双乳外露	breasts_outside
NSFW裸露细节	单侧乳房外露	one_breast_out
NSFW裸露细节	乳房意外露出	breast_slip
NSFW裸露细节	乳头意外露出	nipple_slip
NSFW裸露细节	乳晕露出	areola_slip
NSFW裸露细节	男性上身裸露	topless_male
NSFW裸露细节	女性生殖器部分露出	pussy_peek
NSFW裸露细节	肛门部分露出	anus_peek
NSFW裸露细节	女性生殖器张开	spread_pussy
NSFW裸露细节	肛门张开	spread_anus
NSFW裸露细节	臀部张开	spread_ass
NSFW裸露细节	阴蒂	clitoris
NSFW裸露细节	阴蒂包皮	clitoral_hood
NSFW裸露细节	阴唇	labia
NSFW裸露细节	宫颈	cervix
NSFW裸露细节	尿道	urethra
NSFW裸露细节	包皮	foreskin
NSFW裸露细节	包茎	phimosis
NSFW裸露细节	多个男性生殖器	multiple_penises
NSFW裸露细节	男性生殖器血管明显	veiny_penis
NSFW裸露细节	大型男性生殖器	large_penis
NSFW裸露细节	超大型男性生殖器	huge_penis
NSFW裸露细节	单独呈现的男性生殖器	disembodied_penis
NSFW裸露细节	男性生殖器颤动	twitching_penis
NSFW裸露细节	凹陷乳头	inverted_nipples
NSFW裸露细节	深色乳头	dark_nipples
NSFW裸露细节	大乳头	huge_nipples
NSFW裸露细节	无乳头	no_nipples
NSFW裸露细节	无女性生殖器	no_pussy
NSFW裸露细节	大乳晕	large_areolae
NSFW裸露细节	浅色乳晕	light_areolae
NSFW裸露细节	乳头穿孔饰物	nipple_piercing
NSFW裸露细节	乳环	nipple_rings
NSFW裸露细节	女性着衣男性裸露	clothed_female_nude_male
NSFW裸露细节	男性着衣女性裸露	clothed_male_nude_female
NSFW裸露细节	裸体封面	nude_cover
NSFW裸露细节	裸体效果处理	nude_filter
NSFW裸露细节	仅穿衬衫	naked_shirt
NSFW裸露细节	仅裹毛巾	naked_towel
NSFW裸露细节	仅以丝带遮身	naked_ribbon
NSFW裸露细节	仅穿毛衣	naked_sweater
NSFW裸露细节	仅裹床单	naked_sheet
NSFW裸露细节	仅穿外套	naked_coat
NSFW裸露细节	仅穿披风	naked_cape
NSFW性行为细节	女性自慰	female_masturbation
NSFW性行为细节	男性自慰	male_masturbation
NSFW性行为细节	着衣自慰	clothed_masturbation
NSFW性行为细节	肛门手指接触	anal_fingering
NSFW性行为细节	肛门异物插入	anal_object_insertion
NSFW性行为细节	阴道异物插入	vaginal_object_insertion
NSFW性行为细节	阴蒂刺激	clitoral_stimulation
NSFW性行为细节	强迫式口交	irrumatio
NSFW性行为细节	多人口交	multiple_fellatio
NSFW性行为细节	男性生殖器口部接触	licking_penis
NSFW性行为细节	足部性接触	footjob
NSFW性行为细节	双足性接触	two-footed_footjob
NSFW性行为细节	双手性接触	double_handjob
NSFW性行为细节	着衣胸部性接触	paizuri_under_clothes
NSFW性行为细节	愉悦性行为	happy_sex
NSFW性行为细节	触手性行为	tentacle_sex
NSFW性行为细节	女性之间的摩擦性接触	tribadism
NSFW性行为细节	群体性行为	orgy
NSFW性行为细节	性交易	prostitution
NSFW性行为细节	即将插入	imminent_penetration
NSFW性行为细节	即将进行阴道接触	imminent_vaginal
NSFW性行为细节	阴道接触之后	after_vaginal
NSFW性行为细节	肛门接触之后	after_anal
NSFW性行为细节	口交之后	after_fellatio
NSFW性行为细节	性高潮	orgasm
NSFW性行为细节	女性性高潮	female_orgasm
NSFW性行为细节	女性射液	female_ejaculation
NSFW性行为细节	高潮表情	ahegao
NSFW性行为细节	多人射精	bukkake
NSFW性行为细节	乳房表面精液	cum_on_breasts
NSFW性行为细节	口内精液	cum_in_mouth
NSFW性行为细节	精液滴落	cumdrip
NSFW性行为细节	头发表面精液	cum_on_hair
NSFW性行为细节	衣物表面精液	cum_on_clothes
NSFW性行为细节	射精前分泌液	precum
NSFW性行为细节	拉丝精液	cum_string
NSFW性行为细节	臀部表面精液	cum_on_ass
NSFW性行为细节	舌面精液	cum_on_tongue
NSFW性行为细节	体内射精	internal_cumshot
NSFW性行为细节	积聚的精液	cum_pool
NSFW性行为细节	喷射精液	projectile_cum
NSFW性行为细节	性分泌物痕迹	pussy_juice_stain
NSFW性行为细节	性分泌物拉丝	pussy_juice_trail
NSFW性行为细节	插入过程中射精	cum_while_penetrated
NSFW性行为细节	男性体表精液	cum_on_boy
NSFW性行为细节	腹部表面精液	cum_on_stomach
NSFW体位	屈腿压身式	mating_press
NSFW身体提示	大胸部	large_breasts
NSFW身体提示	中等胸部	medium_breasts
NSFW身体提示	小胸部	small_breasts
NSFW身体提示	巨大胸部	huge_breasts
NSFW身体提示	超大胸部	gigantic_breasts
NSFW身体提示	乳房分开	breasts_apart
NSFW身体提示	悬垂乳房	hanging_breasts
NSFW身体提示	下垂乳房	sagging_breasts
NSFW身体提示	乳房晃动	bouncing_breasts
NSFW身体提示	乳房不对称	unaligned_breasts
NSFW身体提示	挺立乳房	perky_breasts
NSFW身体提示	胸部尺寸变化	alternate_breast_size
NSFW身体提示	胸部大小比较	breast_envy
NSFW身体提示	托起乳房	breast_lift
NSFW身体提示	捧住乳房	breast_hold
NSFW身体提示	挤压乳房	breast_squeeze
NSFW身体提示	胸部搁置	breast_rest
NSFW身体提示	束胸	breast_suppress
NSFW身体提示	乳房撑开衣物	bursting_breasts
NSFW身体提示	衣物框住乳房	framed_breasts
NSFW身体提示	露胸服装	breastless_clothes
NSFW身体提示	胸部垂帘式服装	breast_curtains
NSFW身体提示	胸部束缚	breast_bondage
NSFW身体提示	遮住乳房	covering_breasts
NSFW身体提示	遮住乳头	covering_nipples
NSFW身体提示	衣物下乳头轮廓	covered_nipples
NSFW身体提示	乳头贴创可贴	bandaids_on_nipples
NSFW身体提示	头发遮住乳房	hair_over_breasts
NSFW身体提示	乳房上的痣	mole_on_breast
NSFW身体提示	胸部纹身	breast_tattoo
NSFW身体提示	乳房之间	between_breasts
NSFW身体提示	胸间领带	necktie_between_breasts
NSFW身体提示	胸间衣带	strap_between_breasts
NSFW身体提示	单臂托胸	arm_under_breasts
NSFW身体提示	双臂托胸	arms_under_breasts
NSFW身体提示	大腿之间可见臀部	ass_visible_through_thighs
NSFW身体提示	臀部特写	ass_focus
NSFW身体提示	大臀部	huge_ass
NSFW身体提示	平坦臀部	flat_ass
NSFW身体提示	臀沟	butt_crack
NSFW身体提示	染色阴毛	colored_pubic_hair
NSFW身体提示	耻骨部位纹身	pubic_tattoo
NSFW身体提示	双性身体角色	futanari
NSFW身体提示	暗示双性身体	implied_futanari
NSFW身体提示	双性角色与女性	futa_with_female
NSFW身体提示	双性角色与男性	futa_with_male
NSFW身体提示	对男性生殖器的惊讶反应	penis_awe
NSFW身体提示	男性生殖器接触面部	penis_on_face
NSFW身体提示	裆部隆起	bulge
NSFW身体提示	腹部隆起	stomach_bulge
NSFW身体提示	衣物下勃起	erection_under_clothes
NSFW身体提示	衣物下外阴轮廓	cameltoe
NSFW身体提示	裆部	crotch
NSFW身体提示	遮住裆部	covering_crotch
NSFW身体提示	裆部视角	pov_crotch
NSFW接触提示	手放在臀部	hand_on_ass
NSFW接触提示	手放在自己臀部	hand_on_own_ass
NSFW接触提示	抓握自己臀部	grabbing_own_ass
NSFW接触提示	抓握他人臀部	grabbing_another's_ass
NSFW接触提示	抓握自己乳房	grabbing_own_breast
NSFW接触提示	抚摸自己身体	self_fondle
NSFW接触提示	手伸入内裤	hand_in_panties
NSFW接触提示	手放在两腿之间	hand_between_legs
NSFW接触提示	面部接触胸部	face_to_breasts
NSFW接触提示	胸部接触头部	breasts_on_head
NSFW接触提示	胸部遮住面部	breast_smother
NSFW接触提示	坐在面部	sitting_on_face
NSFW接触提示	裆部摩擦	crotch_rub
NSFW接触提示	贴身摩擦	grinding
NSFW接触提示	被拍打臀部	spanked
NSFW道具提示	肛珠	anal_beads
NSFW道具提示	尾巴形肛塞	anal_tail
NSFW道具提示	蛋形振动道具	egg_vibrator
NSFW道具提示	遥控振动道具	remote_control_vibrator
NSFW道具提示	衣物下振动道具	vibrator_under_clothes
NSFW道具提示	避孕套	condom
NSFW道具提示	避孕套包装	condom_wrapper
NSFW道具提示	使用过的避孕套	used_condom
NSFW道具提示	口含避孕套	condom_in_mouth
NSFW道具提示	生殖器上戴避孕套	condom_on_penis
NSFW道具提示	被堵嘴	gagged
NSFW道具提示	临时口部束缚道具	improvised_gag
NSFW道具提示	横杆式口部束缚道具	bit_gag
NSFW道具提示	胶带封口	tape_gag
NSFW道具提示	绳缚	shibari
NSFW道具提示	着衣绳缚	shibari_over_clothes
NSFW道具提示	丝带束缚	ribbon_bondage
NSFW道具提示	裆部绳缚	crotch_rope
NSFW道具提示	女性施虐角色	dominatrix
NSFW衣着提示	未穿内裤	no_panties
NSFW衣着提示	未穿胸罩	no_bra
NSFW衣着提示	仅穿内衣	underwear_only
NSFW衣着提示	男式内裤	male_underwear
NSFW衣着提示	手持内衣	holding_underwear
NSFW衣着提示	手持内裤	holding_panties
NSFW衣着提示	白色男式内裤	white_male_underwear
NSFW衣着提示	侧系带内裤	side-tie_panties
NSFW衣着提示	蝴蝶结内裤	bow_panties
NSFW衣着提示	连裤袜下的内裤	panties_under_pantyhose
NSFW衣着提示	高叉内裤	highleg_panties
NSFW衣着提示	低腰内裤	lowleg_panties
NSFW衣着提示	内裤挂在一条腿上	panties_around_one_leg
NSFW衣着提示	蕾丝边内裤	lace-trimmed_panties
NSFW衣着提示	蕾丝内裤	lace_panties
NSFW衣着提示	细带内裤	string_panties
NSFW衣着提示	荷叶边内裤	frilled_panties
NSFW衣着提示	印花内裤	print_panties
NSFW衣着提示	湿内裤	wet_panties
NSFW衣着提示	脱下的内裤	panties_removed
NSFW衣着提示	波点内裤	polka_dot_panties
NSFW衣着提示	猫耳内裤	cat_ear_panties
NSFW衣着提示	解开系带的内裤	untied_panties
NSFW衣着提示	开裆内裤	crotchless_panties
NSFW衣着提示	内裤可见	pantyshot
NSFW衣着提示	内裤部分可见	panty_peek
NSFW衣着提示	内裤下拉	panty_pull
NSFW衣着提示	内裤轮廓	pantylines
NSFW衣着提示	脱衣	undressing
NSFW衣着提示	部分脱衣	partially_undressed
NSFW衣着提示	开裆服装	crotchless
NSFW衣着提示	薄透衣物	sheer_clothes
NSFW衣着提示	女性生殖器贴创可贴	bandaid_on_pussy
NSFW衣着提示	白色内裤	white_panties
NSFW衣着提示	黑色内裤	black_panties
NSFW衣着提示	粉色内裤	pink_panties
NSFW衣着提示	蓝色内裤	blue_panties
NSFW衣着提示	紫色内裤	purple_panties
NSFW衣着提示	红色内裤	red_panties
NSFW衣着提示	绿色内裤	green_panties
NSFW衣着提示	黄色内裤	yellow_panties
NSFW衣着提示	灰色内裤	grey_panties
NSFW衣着提示	条纹内裤	striped_panties
NSFW遮挡提示	借物遮挡敏感部位	convenient_censoring
NSFW遮挡提示	遮挡不充分	pointless_censoring
NSFW遮挡提示	心形遮挡	heart_censor
NSFW遮挡提示	头发遮挡敏感部位	hair_censor
NSFW遮挡提示	敏感部位移出画面	out-of-frame_censoring
NSFW遮挡提示	特殊图案遮挡	novelty_censor
NSFW遮挡提示	蒸汽遮挡	steam_censor
NSFW遮挡提示	面部身份遮挡	identity_censor
人物特征	刘海下眉毛可见	eyebrows_visible_through_hair
人物特征	眉毛被刘海遮住	eyebrows_behind_hair
人物特征	较年轻	younger
人物特征	较年长	older
人物特征	手插入头发	hand_in_hair
人物特征	侧发髻	side_bun
人物特征	锥形发髻	hair_cones
人物特征	条束发型	hairlocs
人物特征	耳朵	ears
人物特征	浅棕色眼睛	light_brown_eyes
人物特征	浅紫色眼睛	light_purple_eyes
人物特征	浅蓝色眼睛	light_blue_eyes
人物特征	手指含在嘴里	finger_in_mouth
人物特征	膝盖压在胸部	knees_on_chest
人物特征	坐在床上	sitting_on_bed
人物特征	坐在树上	sitting_in_tree
人物特征	靠着树	against_tree
人物特征	伸展身体	stretch
服饰	侧系带比基尼	side-tie_bikini
服饰	前系带比基尼	front-tie_bikini
服饰	比基尼上装	bikini_top
服饰	比基尼下装	bikini_bottom
服饰	未戴帽子	no_hat
服饰	白色女式衬衫	white_blouse
服饰	蓝色女式衬衫	blue_blouse
服饰	翻领女式衬衫	collared_blouse
服饰	挂脖上衣	halter_top
服饰	腿部袜带	leg_garter
服饰	袜带	garters
服饰	婚戒	wedding_band
服饰	条纹泳装	striped_swimsuit
服饰	叠穿服装	layered_clothing
服饰	露肩和服	off-shoulder_kimono
服饰	薄透腿部衣物	sheer_legwear
服饰	兔子发饰	bunny_hair_ornament
服饰	兔耳兜帽	bunny_hood
服饰	白色泳装	white_swimsuit
服饰	蓝色泳装	blue_swimsuit
服饰	黑色泳装	black_swimsuit
服饰	红色泳装	red_swimsuit
服饰	粉色泳装	pink_swimsuit
物体	手枪	pistol
物体	管子	pipe
物体	多根管子	pipes
物体	手持管子	holding_pipe
物体	合拢的扇子	closed_fan
物体	薯片	chips
物体	吧台	bar
物体	航天器	space_craft
物体	绘画	painting
物体	蓝宝石	sapphire_(gemstone)
物体	菱形符号	diamond_(symbol)
物体	兔子	bunny
物体	蝙蝠	bat
画面内容	屏幕截图	screencap
画面内容	示例图	sample
画面内容	角色设定图	character_sheet
画面内容	锯齿线条	jaggy_line
画面内容	同名内容	namesake
画面内容	无人物	no_humans
画面内容	单人	solo
画面内容	一名女性	1girl
画面内容	一名男性	1boy
画面内容	两名女性	2girls
画面内容	两名男性	2boys
画面内容	三名女性	3girls
画面内容	三名男性	3boys
画面内容	四名女性	4girls
画面内容	五名女性	5girls
画面内容	六名及以上女性	6+girls
画面内容	多名女性	multiple_girls
画面内容	多名男性	multiple_boys
画面内容	写实画面	realistic
