!	感叹号
!?	？！！询问
+_+	十字形瞳孔星星眼starry
...	省略
1980s_(style)	年代
1990s_(style)	年代
1boy	一名男性
1girl	一名女性
1koma	1面板
1other	单独其他
2boys	两名男性
2girls	两名女性
2koma	2科马
2others	2其他
3boys	三名男性
3d	多边形
3girls	三名女性
3koma	3科马
4boys	4男孩
4girls	四名女性
5boys	5男孩
5girls	五名女性
5koma	5科马
6+boys	6+男孩
6+girls	六名及以上女性
69	69式
:>=	口交脸真空口交
:i	：我
?	问号
@_@	螺旋形的眼睛
\m/	米
abs	腹肌
abstract	抽象的
abstract_background	抽象背景
absurdly_long_hair	非常长的头发头发过脚
abyssal_ship	新开成馆
adapted_costume	适合的装备
adjusting_clothes	调整衣服
adjusting_eyewear	调整眼镜
adjusting_hair	调整头发
adjusting_headwear	调整帽子
adjusting_swimsuit	调整泳衣
afloat	漂浮在水中
afro	爆炸头
after_anal	肛交之后
after_fellatio	口交之后
after_sex	做爱之后
after_vaginal	阴道性交之后
afterimage	残像
against_glass	对着玻璃
against_tree	靠着树
against_wall	靠墙
age_difference	年长的年轻
ahegao	高潮脸
ahoge	阿赫格
aiguillette	小钻
aiming	瞄准
aiming_at_viewer	pov瞄准
ainu_clothes	阿伊努人的衣服
air_bubble	气泡
aircraft	飞机
airplane	飞机
akeome	苏梅
alarm_clock	闹钟
albino	白化病
album_cover	专辑
alcohol	酒精
alien	外星人
all_fours	四肢撑地
alley	小巷
alternate_breast_size	胸大小变化
alternate_color	替代颜色
alternate_costume	替代装
alternate_eye_color	替代眼睛颜色
alternate_form	替代形式
alternate_hair_color	替代头发颜色
alternate_hair_length	替代头发长度
alternate_hairstyle	另一种发型
alternate_headwear	替代帽子
alternate_legwear	替代裤袜
alternate_universe	如果什么
alternate_weapon	替代武器
ambiguous_gender	性别不明
american_flag	美国国旗
american_flag_bikini	美国国旗比基尼
american_flag_dress	美国国旗裙
american_flag_legwear	美国国旗裤袜
amputee	截肢者
anal	肛交
anal_beads	肛珠
anal_fingering	肛门指交
anal_object_insertion	肛门插入物品
anal_tail	尾巴肛塞
anchor	锚
anchor_hair_ornament	船锚发饰
anchor_symbol	锚符号
androgynous	雌雄同体
android	雌性
angel	天使大天使天施
angel_wings	天使的翅膀
anger_vein	愤怒标记
angry	生气
animal	动物
animal_collar	狗项圈宠物项圈
animal_costume	动物服装
animal_ear_fluff	动物耳毛
animal_ears	兽耳
animal_focus	动物焦点
animal_hands	动物爪子爪子爪子
animal_hat	动物帽
animal_hood	动物罩
animal_nose	动物鼻子
animal_on_head	头上的动物
animal_on_shoulder	肩上的动物
animal_print	动物印花
animalization	动物化
anime_coloring	动漫着色
animification	动画化
ankle_boots	踝靴
ankle_cuffs	脚踝袖口
ankle_lace-up	脚踝系带
ankle_ribbon	踝带
ankle_socks	脚踝袜
anklet	脚链
anniversary	周年纪念日
annoyed	恼怒的
antenna_hair	触角毛双ahoge
antennae	天线
anti-materiel_rifle	反器材步枪
antlers	鹿角
anus	露肛门
anus_peek	肛门露出一点
anzio_school_uniform	安齐奥校服
apple	苹果
apron	围裙
aqua_background	青色背景
aqua_bikini	水上比基尼
aqua_bow	水弓
aqua_dress	水蓝色连衣裙
aqua_eyes	青色眼睛
aqua_hair	青发
aqua_nails	水指甲
aqua_necktie	水绿色领带
aqua_skirt	水色裙
aqua_theme	水色主题
arabian_clothes	阿拉伯服装
aran_sweater	阿兰毛衣
arch	拱门
arched_back	弓背
architecture	建筑学
areola_slip	露乳晕
argyle_background	钻石背景
arm_around_neck	搂着脖子
arm_around_shoulder	搭肩
arm_around_waist	搂腰
arm_at_side	手臂放在一边
arm_behind_back	把手放在背后
arm_behind_head	手放在脑后
arm_belt	臂带
arm_cannon	臂炮
arm_garter	手臂吊袜带
arm_guards	护臂
arm_hair	毛茸茸的手臂
arm_held_back	手臂被挡住
arm_hug	拥抱的手臂
arm_rest	扶手
arm_ribbon	臂带
arm_strap	臂带
arm_support	手臂支撑
arm_tattoo	手臂纹身
arm_under_breasts	单手托胸
arm_up	手臂举起
arm_warmers	暖手器
armband	臂章臂章
armchair	扶手椅
armlet	手臂手镯臂章
armor	盔甲
armored_boots	装甲靴
armored_dress	铠甲裙
armpit_crease	腋下皱纹
armpit_hair	腋毛
armpit_peek	腋下偷看
armpits	腋窝
arms_around_neck	脖子拥抱
arms_at_sides	双臂在两侧
arms_behind_back	双手放在背后
arms_behind_head	双手放在脑后
arms_under_breasts	双手托胸
arms_up	举起手臂
arrow_(projectile)	箭头
arrow_(symbol)	方向箭头
artbook	画集，美术书
arthropod_girl	女孩
artist_logo	艺术家标志
artist_name	艺术家姓名
artist_self-insert	艺术家自我插入
ascot	领结
asphyxiation	窒息
ass	屁股
ass_focus	屁股特写
ass_grab	抓屁股
ass_visible_through_thighs	两腿间露屁股
assault_rifle	突击步枪
assertive_female	断言的
assisted_exposure	辅助曝光
asymmetrical_bangs	不对称刘海
asymmetrical_clothes	衣服不对称
asymmetrical_docking	不对称对接
asymmetrical_footwear	不对称鞋履
asymmetrical_gloves	不对称手套
asymmetrical_hair	不对称的头发
asymmetrical_legwear	不对称裤袜
asymmetrical_sleeves	不对称袖子
asymmetrical_wings	不对称的翅膀
attack	攻击
au_ra	奥拉
aura	气
autobot	汽车人
autumn	秋季
autumn_leaves	秋叶
axe	斧头
baby	婴儿
babydoll	婴儿娃娃
back	后退
back-to-back	背靠背
back_bow	背弓
back_cutout	背面开口心形背面镂空
backboob	后胸
backless_dress	露背连衣裙
backless_outfit	露背露背
backlighting	逆光
backpack	背包旅行
backwards_hat	帽子反了
bad_anatomy	解剖学不好
bad_feet	坏脚
bad_hands	坏手
bad_proportions	比例不好
badge	徽章
bag	包
bag_charm	包包魅力
baggy_pants	宽松的裤子
bags_under_eyes	黑眼圈
balcony	阳台
bald	秃头
ball	球
ball_gag	口球
balloon	气球
bamboo	竹子
bamboo_broom	竹柄扫帚
bamboo_forest	竹林
banana	香蕉
bandage_on_face	脸上的绷带
bandage_over_one_eye	一只眼睛上的绷带
bandaged_arm	包扎的手臂
bandaged_hand	包扎的手
bandaged_head	包扎头
bandaged_leg	绷带腿
bandages	绷带
bandaid	创可贴
bandaid_on_cheek	脸颊上的创可贴
bandaid_on_face	创可贴在脸上
bandaid_on_knee	膝盖上的创可贴
bandaid_on_leg	腿上的创可贴
bandaid_on_nose	鼻子上的创可贴
bandaid_on_pussy	下面贴创可贴
bandaids_on_nipples	乳头贴创可贴
bandana	大手帕
bandeau	抹胸
bangle	手镯
bangs_pinned_back	刘海向后固定
banner	横幅
baozi	肉包
bar	吧台
bar_censor	遮挡条
bara	巴拉
barcode	条码
bare_arms	光着胳膊
bare_back	露背
bare_hips	裸露的臀部
bare_legs	光腿
bare_pectorals	裸胸
bare_shoulders	裸肩
bare_tree	枯树
barefoot	赤脚
barrel	桶
baseball	棒球
baseball_bat	蝙蝠（棒球）
baseball_cap	棒球帽
baseball_uniform	棒球服
basket	篮子
basketball	篮球
bass_guitar	贝斯
bat	蝙蝠
bat_hair_ornament	蝙蝠发饰
bat_print	蝙蝠印
bat_wings	蝙蝠翼
bath	大夫郎
bathing	沐浴
bathroom	浴室
bathtub	浴缸
battle	战斗
bdsm	SM玩法
beach	海滩
beach_towel	沙滩巾
beach_umbrella	沙滩伞
beachball	沙滩球
bead_bracelet	珠手链
bead_necklace	珠子项链
beads	珠子
beak	喙
beam_rifle	光束步枪
beamed_eighth_notes	横梁颤音
beamed_sixteenth_notes	横梁八分音符
beanie	图克
bear	熊
bear_ears	熊耳朵
beard	胡须
bed	床
bed_sheet	床单
bedroom	卧室
beer	啤酒
beer_can	啤酒罐
beer_mug	啤酒杯
bell	钟声
belly	腹部
belly_chain	腰链
belt	腰带
belt_buckle	皮带扣
belt_collar	颈带
belt_pouch	腰包
bench	长椅
bent_over	弯腰
bento	便当盒
beret	贝雷帽
bespectacled	戴眼镜的
bestiality	兽性
between_breasts	两胸之间
between_fingers	指间
between_legs	两腿之间
between_thighs	大腿之间
biceps	二头肌
bicycle	自行车
big_belly	大肚子
big_hair	大头发
bike_shorts	机车短裤
bike_shorts_under_skirt	裙子下的自行车短裤
biker_clothes	骑自行车的衣服
bikini	比基尼
bikini_armor	比基尼盔甲
bikini_bottom	比基尼下装
bikini_pull	比基尼下拉
bikini_skirt	比基尼裙
bikini_tan	比基尼棕褐色
bikini_top	比基尼上装
bikini_under_clothes	衣服下的比基尼
binoculars	望远镜
bird	鸟类
bird_on_hand	手上的鸟
bird_on_head	头上的鸟
bird_tail	鸟尾巴
bird_wings	鸟的翅膀
birdcage	鸟笼
birthday	生日
birthday_cake	生日蛋糕
bishamonten's_pagoda	宝塔
bishounen	美少女美少女美少年
bit_gag	横杆口枷
biting	咬
black-framed_eyewear	黑框眼镜
black_apron	黑围裙
black_armor	黑色盔甲
black_ascot	黑色领带
black_background	黑色背景
black_belt	黑带
black_bikini	黑色比基尼泳裤
black_blindfold	黑色眼罩
black_bodysuit	黑色连体衣
black_border	黑边
black_bow	黑弓
black_bowtie	黑色领结
black_bra	黑色文胸
black_camisole	黑色吊带背心
black_cape	黑斗篷
black_capelet	黑色披肩
black_cardigan	黑色开衫
black_cat	黑猫（动物）
black_choker	黑色项圈
black_cloak	黑斗篷
black_coat	黑色外套
black_collar	黑领
black_dress	黑裙子
black_eyes	黑眼睛
black_feathers	黑色羽毛
black_flower	黑色花朵
black_footwear	黑色靴子黑色鞋子
black_gloves	黑手套
black_hair	黑发
black_hairband	黑色发带
black_hakama	黑色袴
black_headband	黑色头带
black_hoodie	黑色连帽衫
black_horns	黑角
black_jacket	黑色西装外套
black_kimono	黑色浴衣
black_leotard	黑色紧身衣
black_lips	黑色唇膏
black_nails	黑指甲
black_neckerchief	黑色围巾
black_necktie	黑色领带
black_panties	黑色内裤
black_pants	黑裤子
black_ribbon	黑丝带
black_rose	黑玫瑰（花）
black_sailor_collar	黑色水手领
black_scarf	黑色围巾
black_sclera	黑色巩膜
black_scrunchie	黑色发带
black_serafuku	黑色serafuku
black_shirt	黑衬衫
black_shorts	黑色短裤
black_skin	黑皮肤
black_skirt	黑色裙子
black_sleeves	黑色袖子
black_suit	黑色套装
black_sweater	黑色毛衣
black_swimsuit	黑色泳装
black_tail	黑色的尾巴
black_tank_top	黑色背心
black_vest	黑色背心
black_wings	黑色的翅膀
blank_eyes	茫然的眼睛
blanket	被子
blazer	西装外套
bleeding	流血的
blindfold	蒙住眼睛
blonde_hair	金发
blood	血
blood_from_mouth	流血的嘴巴流血
blood_on_clothes	血迹斑斑的衣服
blood_on_face	血淋淋的脸
blood_on_hands	手指上有血
blood_on_weapon	血腥的剑血腥的武器
blood_splatter	血溅
blood_stain	血迹血迹
bloom	盛开
bloomers	灯笼裤
blouse	女式衬衫
blue-framed_eyewear	蓝框眼镜
blue_background	蓝色背景
blue_belt	蓝带
blue_bikini	蓝色比基尼下装
blue_blouse	蓝色女式衬衫
blue_bodysuit	蓝色连体衣
blue_bow	蓝弓
blue_bowtie	蓝色领结
blue_bra	蓝色文胸
blue_buruma	蓝布鲁玛
blue_butterfly	蓝蝴蝶
blue_cape	蓝色斗篷
blue_capelet	蓝色披肩
blue_cardigan	蓝色开衫
blue_choker	蓝色项圈
blue_coat	蓝色外套
blue_dress	蓝色连衣裙
blue_eyes	蓝眼睛
blue_fire	蓝色火焰
blue_flower	蓝色花朵
blue_footwear	蓝色靴子
blue_gloves	蓝色手套
blue_hair	蓝发
blue_hairband	蓝色发带
blue_hakama	蓝色袴
blue_hoodie	蓝色连帽衫
blue_jacket	蓝色西装外套
blue_kimono	蓝色浴衣
blue_leotard	蓝色紧身衣
blue_lips	蓝色口红浅蓝色口红
blue_nails	蓝色指甲
blue_neckerchief	蓝色围巾
blue_necktie	蓝色领带
blue_panties	蓝色内裤
blue_pants	蓝色裤子
blue_ribbon	蓝丝带
blue_rose	蓝玫瑰
blue_sailor_collar	蓝色水手领
blue_scarf	蓝色围巾
blue_scrunchie	蓝色发带
blue_shirt	蓝色衬衫
blue_shorts	蓝色短裤
blue_skin	蓝色皮肤
blue_skirt	蓝色裙子
blue_sky	蓝天
blue_sleeves	蓝色袖子
blue_sweater	蓝色毛衣
blue_swimsuit	蓝色泳装
blue_theme	蓝色主题
blue_vest	蓝背心
blue_wings	蓝色的翅膀
blunt_bangs	齐刘海
blunt_ends	钝头
blurry	模糊
blurry_background	模糊的背景
blurry_foreground	前景模糊
blush	脸红
blush_stickers	腮红贴纸
board_game	棋盘游戏
boat	船
bob_cut	短发欧加帕
bobby_socks	鲍比袜子
body_blush	身体腮红
body_fur	身体绒毛
body_hair	体毛
body_markings	身体标记
body_writing	写在身体上
bodypaint	人体彩绘
bodystocking	连体丝袜
bodysuit	紧身衣
bodysuit_under_clothes	衣服下面的连体衣
bokeh	背景虚化
bolt_action	螺栓行动
bomb	炸弹
bomber_jacket	飞行夹克
bondage	捆绑
bone	骨头
bone_hair_ornament	骨头发饰
bonnet	引擎盖
book	图书
book_stack	堆叠的书
bookshelf	书柜书架
boots	引导裸靴
border	带边框的窗框
borrowed_character	借来的字
bottle	瓶子
bottomless	露下身
bouncing_breasts	胸在晃
bound	被绑住
bound_arms	胳膊被绑
bound_legs	绑腿
bound_wrists	手被绑
bouquet	花束
bow	鞠躬
bow_(weapon)	弓箭
bow_bikini	蝴蝶结比基尼
bow_bra	蝴蝶结文胸
bow_hairband	发带蝴蝶结
bow_panties	蝴蝶结内裤
bowl	碗
bowl_hat	碗帽
bowtie	领结领结
box	盒子
boxers	平角裤
boxing_gloves	拳击手套
boy_on_top	男在上
bra	胸罩
bra_lift	掀胸罩
bra_peek	胸罩偷看
bra_pull	胸罩下
bra_strap	文胸带
bra_visible_through_clothes	穿过衣服的文胸
bracelet	手镯
bracer	护腕
braid	辫子
braided_bangs	编织刘海
braided_bun	辫子发髻
braided_ponytail	编织马尾辫
branch	树枝树枝
brand_name_imitation	模仿品牌名称
bread	面包
breast_bondage	绑胸
breast_curtains	胸前垂帘装
breast_envy	比胸大小
breast_grab	抓胸
breast_hold	捧胸
breast_lift	托胸
breast_pocket	胸前口袋
breast_press	挤胸
breast_rest	胸搭在物体上
breast_slip	胸部走光
breast_smother	胸盖住脸
breast_squeeze	揉胸
breast_sucking	吸胸
breast_suppress	束胸
breast_tattoo	胸部纹身
breastless_clothes	露胸装
breastplate	胸甲
breasts	胸部
breasts_apart	胸分开
breasts_on_head	胸搭在头上
breasts_outside	露双胸
breath	呼吸
brick_wall	砖墙
bridal_gauntlets	新娘手套
bridal_veil	婚礼头纱
bride	新娘
bridge	桥梁
briefcase	公文包
briefs	内裤
bright_pupils	明亮的瞳孔
broken	破碎的
broken_glass	碎玻璃
broken_horn	断角
brooch	拉刀
broom	扫帚
broom_riding	骑着扫帚
brother_and_sister	兄弟姐妹
brothers	兄弟
brown_background	棕色背景
brown_bag	棕色背包
brown_belt	棕带
brown_bow	棕色蝴蝶结
brown_cardigan	棕色开衫
brown_coat	棕色外套
brown_dress	棕色连衣裙
brown_eyes	棕眼睛
brown_footwear	棕色靴子
brown_fur	棕色皮毛
brown_gloves	棕色手套
brown_hair	棕发
brown_jacket	棕色西装外套
brown_pants	棕色裤子
brown_ribbon	棕丝带
brown_scarf	棕色围巾
brown_shirt	棕色衬衫
brown_shorts	棕色短裤
brown_skirt	棕色裙子
brown_sweater	棕色毛衣
brown_theme	棕色主题
brown_vest	棕色背心
bruise	瘀伤瘀伤
bubble	气泡
bubble_skirt	蓬松的裙子
bubble_tea	珍珠奶茶
bucket	桶
buckle	搭扣
budget_sarashi	预算sarashi
bug	昆虫
building	建筑
bukkake	多人射在身上
bulge	裆部鼓起
bullet	子弹
bullpup	无托步枪
bun_cover	包子盖
bunny	兔子
bunny_hair_ornament	兔子发饰
bunny_hood	兔耳兜帽
burger	芝士汉堡
burn_scar	烧伤疤痕
burning	着火
bursting_breasts	胸撑开衣服
buruma	跑步三角裤
bush	灌木丛
business_suit	商务套装
bustier	紧身胸衣
butler	管家
butt_crack	屁股缝
butt_plug	肛塞
butterfly	蝴蝶
butterfly_hair_ornament	蝴蝶发饰
butterfly_print	蝴蝶印花
butterfly_wings	蝴蝶翅膀
button_badge	按钮徽章可以徽章别针按钮别针按钮别针按钮
button_gap	纽扣间隙
buttons	按钮
cabbie_hat	司机帽
cable	电缆线电线电缆
cage	笼
cake	蛋糕
cake_slice	一片蛋糕
calendar_(medium)	日历（中）
calendar_(object)	日历（对象）
calligraphy_brush	毛笔毛笔
cameltoe	骆驼趾
cameo	客串
camera	相机
camisole	吊带上衣
camouflage	迷彩迷彩印花
can	罐头
candle	蜡烛
candy	糖果
candy_apple	蜜饯苹果太妃糖苹果
candy_cane	糖果手杖
cane	拐杖
cannon	大炮
cape	岬
capelet	斗篷肩披风
capri_pants	七分裤
car	汽车
car_interior	车内
card	牌
card_(medium)	卡片（中）
cardboard_box	丹布鲁
cardigan	开襟衫
carpet	地毯
carrot	萝卜
carrot_hair_ornament	胡萝卜发饰
carrot_necklace	胡萝卜项链
carrying	携带
carrying_over_shoulder	扛在肩上
castle	城堡
casual	随意的
casual_one-piece_swimsuit	休闲连体泳衣
cat	猫猫
cat_boy	猫小子
cat_cutout	猫剪影
cat_ear_headphones	猫耳耳机
cat_ear_panties	猫耳内裤
cat_ears	猫耳猫耳
cat_girl	猫女
cat_hair_ornament	猫发饰
cat_hat	猫
cat_hood	天主教
cat_lingerie	猫钥匙孔文胸
cat_paws	猫手套
cat_print	猫印
cat_tail	猫尾巴
caterpillar_tracks	履带
caught	捕捉
caustics	焦散光
cave	洞穴
ceiling	天花板
cellphone	手机
censored	打码
center_frills	中心装饰
center_opening	绝对乳沟
cervix	宫颈
chain	连锁店
chain-link_fence	铁丝网围栏
chain_necklace	项链
chained	链式
chainsaw	电锯
chair	椅子
chaldea_uniform	迦勒底制服
chalkboard	黑板
chaps	伙计们
character_doll	人物娃娃
character_name	角色名字
character_profile	人物简介
character_sheet	角色设定图
charm_(object)	魅力（物品）
chart	图表
chasing	追赶
checkerboard_cookie	棋盘饼干
checkered_background	方格背景
checkered_clothes	格子衣服
checkered_floor	方格地板
checkered_kimono	方格浴衣
checkered_necktie	格纹领带
checkered_scarf	方格围巾
checkered_skirt	格子裙
cheek-to-cheek	脸贴脸
cheek_pinching	捏脸颊
cheek_poking	戳脸颊
cheerleader	啦啦女郎
cheese	奶酪
chef_hat	厨师帽
chemise	衬裙
cherry	樱桃
cherry_blossom_print	樱花印花
cherry_blossoms	樱花
chess_piece	棋子
chest_hair	胸毛
chest_harness	胸带
chest_jewel	胸部宝石
chest_tattoo	胸部纹身
chestnut_mouth	栗子嘴
chewing_gum	泡泡糖泡泡糖
chibi	超级变形
chibi_inset	赤壁插图
chick	幼鸟小鸡
chicken	鸡
child	孩子们
china_dress	旗袍
chinese_clothes	中国衣服
chinese_text	中国人
chinese_zodiac	中国十二生肖
chips	薯片
chocolate	巧克力
choker	项圈
chopsticks	筷子
christmas	圣诞节
christmas_ornaments	圣诞饰品
christmas_tree	圣诞树
chromatic_aberration	色差
church	教堂
cigar	雪茄
cigarette	香烟香烟香烟香烟
circle	界
circle_cut	圆切
circle_name	圈名
circlet	圆环
city	城市
city_lights	城市灯光
cityscape	城市风景
classroom	教室
claw_(weapon)	爪子（武器）
claw_pose	爪式
claws	爪
cleavage	乳沟
cleavage_cutout	布布窗
cleft_of_venus	金星裂
clenched_hand	握紧的拳头
clenched_hands	紧握的拳头
clenched_teeth	咬牙切齿咬牙切齿
cliff	悬崖
clip_studio_paint_(medium)	剪辑工作室油漆（中）
clipboard	剪贴板
clitoral_hood	阴蒂包皮
clitoral_stimulation	阴蒂刺激
clitoris	阴蒂
cloak	披风
clock	时钟
clone	克隆人
close-up	特写
closed_eyes	闭眼
closed_fan	合拢的扇子
closed_mouth	闭嘴
closed_umbrella	闭合的伞
clothed_animal	穿衣服的动物
clothed_female_nude_male	女穿衣男裸着
clothed_male_nude_female	男穿衣女裸着
clothed_masturbation	穿着衣服自慰
clothed_pokemon	穿衣服的宠物小精灵
clothed_sex	穿着衣服做爱
clothes_around_waist	腰间的衣服
clothes_down	衣服下来
clothes_grab	衣服抢
clothes_hanger	衣架
clothes_lift	衣服电梯
clothes_pull	衣服拉
clothes_writing	衣服在衣服上写文字
clothing_aside	衣服拨开
clothing_cutout	衣服剪裁
cloud	云朵
cloudy_sky	多云天空
clover	三叶草
club_(weapon)	俱乐部
coat	外套
coattails	燕尾服
cockpit	座舱
cocktail_glass	马提尼杯
coffee	咖啡
coffee_mug	咖啡杯
coin	硬币
cold	寒冷的
collage	拼贴画
collar	衣领
collarbone	锁骨
collared_blouse	翻领女式衬衫
collared_dress	有领连衣裙
collared_jacket	有领夹克
collared_shirt	有领衬衫
color_connection	颜色连接
color_guide	调色板
colored_eyelashes	水色睫毛
colored_inner_hair	有色内毛
colored_pencil_(medium)	彩色铅笔（中号）
colored_pubic_hair	染色阴毛
colored_sclera	有色巩膜
colored_skin	有色皮肤
colored_tongue	彩色舌头
colorful	丰富多彩的
colorized	彩色的
column_lineup	专栏阵容
comb	头发梳
come_hither	到这里来
comic	漫画漫画
command_spell	命令法术
commission	委员会
company_connection	工作室连接
company_name	公司名称
competition_school_swimsuit	竞赛学校泳装
competition_swimsuit	比赛泳衣
completely_nude	全裸
computer	电脑
concept_art	概念艺术
condom	避孕套
condom_in_mouth	嘴里含避孕套
condom_on_penis	戴避孕套
condom_wrapper	避孕套包装
confession	忏悔
confetti	五彩纸屑
constellation	星座
constricted_pupils	瞳孔缩小
contemporary	现代服装
contrail	凝结尾迹
contrapposto	对位
controller	控制器
convenient_arm	方便的手臂
convenient_censoring	用东西挡住
convenient_leg	方便的腿
cookie	饼干
cooking	烹饪
copyright_name	版权缩写版权标题标题下拉标题名称
coral	珊瑚
corpse	尸体
corruption	腐败
corset	紧身胸衣
cosmetics	化妆品
cosplay	角色扮演
cosplay_photo	角色扮演照片
costume	戏服
costume_switch	交换衣服
couch	沙发
counter	台面
couple	浪漫
cousins	表亲
cover	封面
cover_image	封面图片
cover_page	封面
covered_abs	覆盖腹肌
covered_collarbone	遮盖锁骨
covered_eyes	蒙住眼睛
covered_mouth	隐藏的嘴
covered_navel	衣肚脐
covered_nipples	衣服下凸点
covering_breasts	遮胸
covering_crotch	遮住裆部
covering_face	挡脸
covering_nipples	遮乳头
cow_ears	寿司米米
cow_girl	女牛仔
cow_horns	牛角
cow_print	牛印
cow_tail	牛尾巴
cowbell	牛铃
cowboy_hat	牛仔帽
cowboy_shot	牛仔射击
cowboy_western	西
cowgirl_position	骑乘位
crab	螃蟹
crack	裂开的裂缝
crazy_eyes	疯狂的眼睛
cream	奶油
crease	折痕
creator_connection	创作者联系
creature	生物
creature_and_personification	生物和拟人化
crepe	绉
crescent	新月符号
crescent_earrings	新月形耳环
crescent_facial_mark	月牙纹
crescent_hair_ornament	新月发饰
crescent_hat_ornament	新月帽饰
crescent_moon	弯月
crescent_pin	月牙针
criss-cross_halter	十字吊带
crop_top	露脐上衣
crop_top_overhang	作物顶部悬垂
cropped	裁剪
cropped_jacket	短上衣
cropped_legs	七分腿
cropped_shirt	短款衬衫
cropped_torso	裁剪躯干
cross	十字
cross-laced_clothes	交叉系带衣服
cross-laced_footwear	交叉系带鞋
cross-section	横截面
cross_earrings	交叉耳环
cross_necklace	十字架项链
crossbow	弩
crossdressing	变装癖
crossed_ankles	脚踝交叉
crossed_arms	交叉双臂
crossed_bandaids	x创可贴
crossed_bangs	交叉刘海
crossed_legs	交叉双腿
crossover	交叉
crotch	裆部
crotch_plate	裆板
crotch_rope	裆绳
crotch_rub	裆部摩擦
crotch_seam	裆缝
crotchless	开裆服装
crotchless_panties	开裆内裤
crow	乌鸦（动物）
crowd	人群
crown	王冠
crown_braid	皇冠辫子
crying	哭泣
crying_with_eyes_open	睁着眼睛哭
crystal	水晶
cube	立方体
cucumber	黄瓜
cuffs	袖口
cum	精液
cum_in_ass	内射（肛门）
cum_in_mouth	口内射精
cum_in_pussy	内射（阴道）
cum_on_ass	射在屁股上
cum_on_body	射在身上
cum_on_boy	射在男方身上
cum_on_breasts	射在胸上
cum_on_clothes	射在衣服上
cum_on_hair	射在头发上
cum_on_stomach	射在肚子上
cum_on_tongue	射在舌头上
cum_pool	一滩精液
cum_string	精液拉丝
cum_while_penetrated	插入时射精
cumdrip	精液滴下来
cunnilingus	舔阴
cup	杯子喝水杯
cupcake	纸杯蛋糕
curled_horns	卷曲的号角
curly_hair	卷发
curry	咖喱
curtains	窗帘
curvy	曲线身材
cushion	软垫
cutoffs	截止点
cuts	切
cyberpunk	赛博朋克
cyborg	电子人
cyclops	独眼巨人
d-pad	方向键
d-pad_hair_ornament	d-pad发饰
dagger	匕首
daisy	紫苑（花）雏菊雏菊（花）
dakimakura_(medium)	抱枕
damaged	损害
dancer	舞蹈家
dancing	跳舞
dango	团子
danmaku	弹幕
dappled_sunlight	树隙阳光
dark	画面昏暗
dark-skinned_female	深色皮肤的女性
dark-skinned_male	深色皮肤的男性
dark_background	深色背景
dark_blue_hair	深蓝色的头发
dark_elf	卓尔精灵
dark_nipples	深色乳头
dark_persona	黑暗人格
dark_skin	深肤色
darkness	黑暗
dated	过时的
day	白天
death	死的
debris	碎片
deep_penetration	深度插入
deep_skin	深层皮肤
deepthroat	深喉
defloration	处女
demon	恶魔恶魔
demon_boy	梦魇
demon_girl	恶魔女孩
demon_horns	魔鬼角
demon_tail	恶魔尾巴
demon_wings	恶魔之翼
denim	牛仔布
denim_shorts	雏菊短裤
denim_skirt	牛仔裙
depth_of_field	焦点模糊
desert	沙漠
desk	办公桌
dessert	甜点
destruction	破坏
detached_collar	分离领
detached_sleeves	拆袖
detached_wings	漂浮的翅膀
deviantart_username	deviantart用户名
diadem	冠冕
diagonal-striped_bow	斜条纹蝴蝶结
diamond_(shape)	钻石（形状）
diamond_(symbol)	菱形符号
dice	骰子
diffraction_spikes	衍射尖峰
digimon_(creature)	数码兽（生物）
digital_media_player	MP3播放器
dildo	假阳具
dimples_of_venus	金星的酒窝
dirty	肮脏的
dirty_clothes	脏衣服
dirty_face	脏脸
disembodied_head	独立的头
disembodied_penis	单独的阴茎
disposable_cup	纸杯
diving_mask	潜水面具
dixie_cup_hat	迪克西杯帽
dog	小狗
dog_ears	非洲野狗的耳朵
dog_girl	狗女孩
dog_tags	狗牌狗牌狗牌
dog_tail	非洲野狗尾巴
doggystyle	狗爬式
doll	娃娃
doll_joints	娃娃节
dolphin	海豚
dolphin_shorts	海豚短裤
dominatrix	女S
domino_mask	多米诺面具
door	门
doorway	门口
dot_nose	点鼻
double-breasted	双排扣
double_bun	包子
double_handjob	双手手交
double_penetration	双重插入
double_v	双重和平
doughnut	甜甜圈甜甜圈甜甜圈
dougi	吉
doujin_cover	同人封面
dove	鸽子
downblouse	羽绒服
dowsing_rod	探测棒
doyagao	多亚高
dragon	龙
dragon_girl	龙女
dragon_horns	龙角
dragon_tail	龙尾
dragon_wings	龙翼
draph	多拉夫
drawer	抽屉
drawing_tablet	绘图板
drawstring	束带
dreaming	梦
dress	裙子
dress_bow	蝴蝶结连衣裙
dress_lift	掀连衣裙
dress_pull	礼服拉
dress_shirt	正装衬衫
dress_tug	礼服拖船
dressing	敷料
drill	钻头
drill_hair	钻毛
drink	饮料饮料
drinking	啜饮
drinking_glass	水杯
drinking_straw	吸管（饮用）
dripping	滴水
driving	驾驶
drooling	流口水
drop_shadow	阴影
drum	鼓
drumsticks	鸡腿
drunk	醉
dual_persona	双重人格
dual_wielding	双持
duck	鸭子
duel	决斗
duel_monster	决斗怪物
duffel_bag	行李袋
dusk	黄昏
dust	灰尘
dutch_angle	荷兰角
dyed_bangs	染刘海
dynamax_band	极力带
ear_blush	耳朵红
ear_bow	耳弓
ear_covers	耳套
ear_piercing	耳洞耳洞
ear_ribbon	动物耳弓耳弓
ear_tag	耳标
earbuds	耳塞
earclip	耳夹
earmuffs	耳罩耳罩
earphones	入耳耳机
earrings	水蓝色耳环
ears	耳朵
ears_down	竖起耳朵
ears_through_headwear	耳朵穿过头饰
earth_(planet)	地球
east_asian_architecture	中国建筑
eastern_dragon	中国龙
eating	吃
egasumi	江澄
egg	蛋
egg_(food)	鸡蛋（食物）
egg_vibrator	跳蛋
eighth_note	颤声
ejaculation	射精
elbow_gloves	长手套歌剧手套
elbow_pads	护肘
elbow_rest	肘托
electric_fan	风扇（电动）
electric_guitar	电吉他
electricity	电
elf	精灵之耳
embarrassed	尴尬
embellished_costume	装饰服装
embers	余烬
emblem	徽
emphasis_lines	强调线
employee_uniform	员工制服
empty_eyes	死眼
energy	活力
energy_ball	能量球
energy_gun	能量枪
energy_sword	轻剑
english_text	英语
engrish_text	英文文本
enmaided	被奴役
enpera	围巾里的头发
envelope	信封
epaulettes	肩章
eraser	橡皮
erection	勃起
erection_under_clothes	衣服下勃起
erune	erun（碧蓝幻想）
evening	晚上
evening_gown	晚礼服
everyone	大家组
evil_grin	邪恶的笑容
evil_smile	邪恶的微笑
evolutionary_line	进化线
excalibur_(fate/stay_night)	神剑
exhibitionism	暴露狂
explosion	爆炸
explosive	炸药
expressionless	无表情
expressions	面部表情
expressive_clothes	富有表现力的衣服
extra_arms	多臂多肢
extra_ears	双耳
extra_eyes	多只眼睛
eye_contact	眼神接触
eyeball	眼球
eyebrows_behind_hair	眉毛被刘海遮住
eyebrows_visible_through_hair	刘海下眉毛可见
eyelashes	睫毛
eyeliner	眼线笔
eyepatch	眼罩
eyepatch_bikini	眼罩比基尼
eyes_visible_through_hair	透过头发看
eyeshadow	眼影
eyewear_on_head	眼镜戴在头上
face-to-face	面对面
face_to_breasts	脸贴胸
faceless	未露脸
faceless_female	无脸女
faceless_male	x先生
facepaint	面漆
facial	颜射
facial_hair	面部毛发
facial_mark	面部标记
facial_tattoo	面部纹身
facing_another	面对另一个
facing_away	背对着
facing_viewer	面对观众
failure	失败
fairy	仙女小精灵
fairy_wings	仙女的翅膀
fake_animal_ears	假动物耳朵
fake_horns	假角
fake_screenshot	假镜头
fake_tail	假动物尾巴
falling	坠落
falling_leaves	飘落的树叶
falling_petals	飘落的花瓣
false_smile	假笑
family	家庭
fanbox_reward	粉丝箱奖励
fang	方
fang_out	发狂
fangs	獠牙
fantasy	幻想
fashion	时尚
fat	超重
fat_man	胖子
fat_mons	阴阜
father_and_daughter	父亲和女儿
father_and_son	父亲和儿子
faucet	龙头
faulds	故障
faux_traditional_media	仿传统媒体
feather-trimmed_sleeves	羽毛边袖
feather_boa	蟒蛇
feather_hair	头羽
feather_hair_ornament	头发中的羽毛头发羽毛头发羽毛
feather_trim	羽毛装饰
feathered_wings	羽毛翅膀
feathers	羽毛
fedora	软呢帽
feeding	喂食
feet	脚
feet_out_of_frame	脚在框架外
feet_up	抬脚
fellatio	口交（男）
female_ejaculation	潮吹
female_masturbation	自慰（女）
female_orgasm	高潮（女）
female_pervert	女变态
female_pov	女性视角
female_pubic_hair	阴毛（女）
femdom	调教
fence	栅栏
festival	节日
fetal_position	胎位
ffm_threesome	三人行
field	原野
fighting	斗争
fighting_stance	战斗姿态
figure	塑像
film_grain	颗粒状噪声（视觉）
fine_art_parody	美术模仿
finger_gun	手指枪
finger_in_mouth	手指含在嘴里
finger_on_trigger	手指放在扳机上
finger_to_cheek	手指贴脸颊
finger_to_mouth	手指放在嘴唇上
finger_to_own_chin	手指到下巴
fingering	指交
fingerless_gloves	露指手套
fingernails	手指甲指甲
fins	鳍
fire	火焰
fireflies	萤火虫
fireworks	焰火
firing	枪声射击
fish	鱼
fish_tail	鱼尾
fisheye	鱼眼
fishing	钓鱼
fishing_rod	钓鱼竿
fishnets	鱼网
flaccid	柔软的阴茎
flag	旗帜
flag_print	旗帜印花
flaming_eye	灼热的眼睛
flashing	闪烁
flask	烧瓶
flat_ass	扁屁股
flat_cap	平盖
flat_chest	平胸
flat_color	平面颜色
flats	公寓
fleeing	跑开跑开
flexible	灵活的
flight_deck	飞行甲板
flip-flops	人字拖
flipped_hair	外羽
floating	漂浮的
floating_hair	头发吹太空头发
floating_object	漂浮物
floor	地板
floppy_ears	松软的耳朵
floral_background	花卉背景
floral_print	花卉图案花卉印花
flower	花朵
flower-shaped_pupils	花形瞳孔
flower_(symbol)	花（符号）
flower_earrings	花耳环玫瑰耳环
flower_field	花田
flower_knot	花结
flower_pot	花盆
flower_wreath	花环
fluffy	蓬松的
flute	长笛
flying	飞行
flying_sweatdrops	飞行的汗珠
fog	雾
folded	折叠
folded_ponytail	折叠马尾辫
folding_fan	折扇
food	食物
food-themed_hair_ornament	食物发饰
food_focus	食物焦点
food_in_mouth	嘴里的食物
food_on_body	身体上的食物
food_on_face	脸颊上的食物
food_on_head	头上的食物
food_print	食物印刷品
foot_focus	脚
foot_out_of_frame	脚在框架外
footjob	足交
footprints	脚印
footwear_bow	引导弓弓鞋类鞋弓
forehead	前额
forehead_jewel	额头宝石
forehead_mark	额头印记
forehead_protector	前额保护器
foreshortening	缩短
foreskin	包皮
forest	森林
fork	叉
forked_eyebrows	分叉的眉毛
four-leaf_clover	四叶草
fourth_wall	第四堵墙
fox	狐狸
fox_ears	狐狸咪咪
fox_girl	狐女郎
fox_mask	狐狸面具
fox_shadow_puppet	狐狸手势
fox_tail	狐狸尾巴
framed_breasts	衣服框住胸
freckles	雀斑
freediving	免费潜水
french_fries	炸薯条
french_kiss	舌吻
fried_egg	单面鸡蛋
frilled_apron	褶边围裙
frilled_bikini	荷叶边比基尼泳裤
frilled_bow	褶边蝴蝶结
frilled_bra	荷叶边文胸
frilled_choker	褶边项圈
frilled_collar	褶边领
frilled_dress	荷叶边连衣裙
frilled_gloves	褶边手套
frilled_hairband	褶边发箍
frilled_hat	褶边帽
frilled_kimono	荷叶边浴衣
frilled_panties	荷叶边内裤
frilled_pillow	褶边枕头
frilled_shirt	荷叶边衬衫
frilled_shirt_collar	荷叶边衬衫领
frilled_skirt	褶边裙
frilled_sleeves	荷叶袖
frills	褶边
fringe_trim	边缘
frog	青蛙
frog_hair_ornament	青蛙发饰
from_above	上方视角
from_behind	背向镜头
from_below	下方视角
from_side	侧面视角
front-tie_bikini	前系带比基尼
front-tie_top	前系带上衣
front_ponytail	前马尾辫
frown	皱眉
fruit	水果
frying_pan	烹饪锅
fucked_silly	操傻
full-face_blush	全脸红晕
full_armor	全副武装
full_body	全身
full_moon	满月
fundoshi	丰都士
fur-trimmed_boots	毛皮衬里的靴子
fur-trimmed_cape	毛皮边斗篷
fur-trimmed_capelet	毛皮边披肩
fur-trimmed_coat	毛皮边饰大衣
fur-trimmed_dress	毛皮边饰连衣裙
fur-trimmed_gloves	毛边手套
fur-trimmed_headwear	毛边帽子
fur-trimmed_hood	毛皮边罩
fur-trimmed_jacket	毛皮衬里夹克
fur-trimmed_legwear	皮草边饰裤袜
fur-trimmed_sleeves	毛皮边袖
fur_coat	皮毛大衣
fur_collar	毛领
fur_hat	皮帽
fur_scarf	毛皮围巾
fur_trim	毛皮衬里
furisode	振袖
furrowed_brow	皱眉
furry	人兽兽
furry_female	女性毛茸茸的
furry_male	男性毛茸茸的
furry_with_non-furry	毛茸茸的与非毛茸茸的
fusion	融合
futa_with_female	双性角色与女性
futa_with_male	双性角色与男性
futanari	双性身体角色
futon	蒲团
g-string	G弦
gae_bolg_(fate)	盖博格
gag	口枷
gagged	嘴被堵住
gakuran	学兰
game_cg	游戏插画
game_console	电子游戏机
game_controller	游戏控制器
gameplay_mechanics	游戏机制
gangbang	轮流做爱
gap_(touhou)	缝隙（东方）
gaping	目瞪口呆
garreg_mach_monastery_uniform	mach修道院制服
garrison_cap	驻军帽
garter_belt	吊袜腰带
garter_straps	吊袜带
garters	袜带
gas_mask	防毒面具
gate	大门
gatling_gun	加特林
gauntlets	手套
gears	齿轮齿轮
gekkoukan_high_school_uniform	月光馆高中生制服
gem	宝石
gem_uniform_(houseki_no_kuni)	宝石制服（houseki
genderswap	性别弯曲规则
genderswap_(ftm)	性别互换（ftm）
genderswap_(mtf)	性别互换（mtf）
german_text	德语
geta	得到
ghost	幽灵
ghost_tail	鬼尾巴
giant	巨大的
giantess	女巨人
gift	礼物礼物礼物
gift_box	礼物盒
gigantic_breasts	超巨乳
gimp_(medium)	gimp（中）
girl_on_top	女在上
girl_sandwich	女孩三明治
giving	给予
glaring	强光
glass	玻璃
glasses	眼镜
glint	闪烁
gloom_(expression)	阴沉
gloves	手套
glowing	辉光
glowing_eye	发光的眼睛
glowing_eyes	发光的眼睛
glowing_sword	发光的剑
glowing_weapon	发光的武器
glowstick	荧光棒荧光棒
goat_horns	山羊角
goatee	山羊胡子
goggles	风镜
goggles_around_neck	脖子上的护目镜
goggles_on_head	护目镜在头上
goggles_on_headwear	帽子上的护目镜
gohei	五平
gold	金子
gold_chain	金链子
gold_trim	金色饰边
goldfish	金鱼
gorget	护喉
gourd	葫芦
gown	袍
grabbing_another's_ass	抓对方屁股
grabbing_another's_chin	下巴
grabbing_another's_hair	拉别人的头发
grabbing_from_behind	从后面抓住
grabbing_own_ass	抓自己屁股
grabbing_own_breast	抓自己胸
gradient_background	渐变背景
gradient_eyes	渐变眼睛
gradient_hair	渐变发色
gradient_sky	渐变天空
graffiti	涂鸦
grapes	葡萄
graphite_(medium)	石墨铅笔（中号）铅笔素描
grass	草地
graveyard	墓地
greaves	油渣
green-framed_eyewear	绿框眼镜
green_background	绿色背景
green_bikini	绿色比基尼下装
green_bow	绿弓
green_bowtie	绿色领结
green_bra	绿色文胸
green_choker	绿色项圈
green_coat	绿大衣
green_dress	绿色连衣裙
green_eyes	绿眼睛
green_footwear	绿色靴子
green_gloves	绿色手套
green_hair	绿发
green_hairband	绿色发带
green_jacket	绿夹克
green_kimono	绿色浴衣
green_leotard	绿色紧身衣
green_lips	绿色口红
green_nails	绿色指甲
green_necktie	绿色领带
green_panties	绿色内裤
green_pants	绿色裤子
green_ribbon	绿丝带
green_sailor_collar	绿色水手领
green_scarf	绿色围巾
green_shirt	绿色衬衫
green_shorts	绿色短裤
green_skin	绿色皮肤
green_skirt	绿色的裙子
green_sweater	绿色毛衣
green_theme	绿色主题
green_vest	绿色背心
grenade	手榴弹
grey-framed_eyewear	灰框眼镜
grey_background	灰色背景
grey_cardigan	灰色开衫
grey_coat	灰色外套
grey_dress	灰色连衣裙
grey_eyes	灰眼睛
grey_footwear	灰色鞋类
grey_gloves	灰色手套
grey_hair	灰发
grey_hoodie	灰色连帽衫
grey_jacket	灰色夹克
grey_panties	灰色内裤
grey_pants	灰色裤子
grey_sailor_collar	灰色水手领
grey_shirt	灰色衬衫
grey_shorts	灰色短裤
grey_skin	灰色皮肤
grey_skirt	灰色裙子
grey_sky	阴沉天空
grey_sweater	灰色毛衣
grey_vest	灰色背心
greyscale	黑白黑白灰度
grimace	鬼脸
grin	露齿笑
grinding	贴身摩擦
groin	阿多尼斯腰带臀线维纳斯丘
groping	摸身体
group_sex	多人做爱
guitar	吉他
gun	火器枪支
guro	血块
gusset	扣板
gyaru	辣妹
gym_shirt	运动衫
gym_shorts	健身短裤
gym_uniform	运动服
habit	习惯
hachimaki	八卷
hadanugi_dousa	剑主
hagoromo	羽衣
hair_beads	发珠
hair_behind_ear	耳朵后面的头发
hair_bell	铃铛发饰发铃发铃发铃
hair_between_eyes	眼睛之间的刘海
hair_bobbles	球辫子头发泡泡
hair_bow	头发蝴蝶结
hair_brush	发刷
hair_bun	发髻
hair_censor	头发遮挡
hair_cones	锥形发髻
hair_down	头发下来
hair_flaps	发瓣
hair_flower	花发饰花在头发头发花hairflower
hair_intakes	头发通风口
hair_ornament	发饰
hair_over_breasts	头发遮胸
hair_over_eyes	头发遮住眼睛
hair_over_one_eye	头发遮住一只眼睛
hair_over_shoulder	肩上的头发
hair_pulled_back	头发向后拉
hair_ribbon	发带
hair_rings	发圈
hair_scrunchie	发圈
hair_slicked_back	向后梳的头发
hair_spread_out	头发散开
hair_stick	发棒
hair_through_headwear	头发穿过头饰
hair_tie	发带发带
hair_tie_in_mouth	嘴里的发带
hair_tubes	毛管
hair_tucking	整理头发
hair_twirling	绕弄头发
hair_up	头发起来
hairband	发带
hairclip	发夹发夹发夹发夹
hairdressing	美发
hairlocs	条束发型
hairpin	发夹发夹
hairpods	发夹
hairy	体毛较多
hakama	袴
hakama_short_skirt	袴裙
hakama_skirt	袴
hakurei_reimu_(cosplay)	博丽灵梦（cosplay）
half-closed_eye	半闭眼
half-closed_eyes	半闭眼
half_gloves	短手套
half_updo	半髻
halftone	半色调
halftone_background	半色调背景
halloween	万圣节
halloween_costume	万圣节服装
hallway	走廊学校礼堂
halo	光环
halter_dress	吊带裙
halter_top	挂脖上衣
halterneck	吊带背心吊带背心
hammer	锤子
hammer_and_sickle	锤子和镰刀
hamster	仓鼠
hand_between_legs	手放两腿间
hand_fan	风扇风扇（手持式）风扇
hand_grab	牵手
hand_in_hair	手插入头发
hand_in_panties	手伸入内裤
hand_in_pocket	手插在口袋里
hand_on_another's_arm	把手搭在别人的胳膊上
hand_on_another's_back	把手放在别人的背上
hand_on_another's_cheek	把手放在另一个人的脸颊上
hand_on_another's_chest	手放在别人的胸口
hand_on_another's_chin	手指到另一个人的下巴
hand_on_another's_face	把手放在另一个人的脸上
hand_on_another's_head	把手放在别人的头上
hand_on_another's_hip	把手放在别人的臀部
hand_on_another's_shoulder	把手放在另一个人的肩膀上
hand_on_another's_thigh	把手放在别人的大腿上
hand_on_ass	手放屁股上
hand_on_headwear	手放在帽子上
hand_on_hilt	把手放在刀柄上
hand_on_own_arm	手放在自己的胳膊上
hand_on_own_ass	手放自己屁股上
hand_on_own_cheek	手放在脸颊上
hand_on_own_chest	手放在胸前
hand_on_own_chin	手托下巴
hand_on_own_face	手对着脸
hand_on_own_head	手放在自己的头上
hand_on_own_knee	手放在膝盖上
hand_on_own_stomach	手放在肚子上
hand_on_own_thigh	手放在自己的大腿上
hand_over_own_mouth	交出自己的嘴
hand_puppet	手偶手偶
hand_to_own_mouth	手放在嘴唇上
hand_under_clothes	衣服下的手
hand_up	举手
handbag	手提包钱包
handcuffs	手铐
handgun	手枪手枪
handheld_game_console	手持式
handjob	手交
hands_in_hair	双手插在头发里
hands_in_opposite_sleeves	双手插在袖子里
hands_in_pockets	双手插在口袋里
hands_on_another's_face	把手放在另一个人的脸上
hands_on_another's_head	把手放在别人的头上
hands_on_another's_shoulders	把手放在另一个人的肩膀上
hands_on_headwear	手戴帽子
hands_on_lap	双手放在膝上
hands_on_own_cheeks	手放在脸颊上
hands_on_own_chest	手放在胸前
hands_on_own_face	手对着脸
hands_on_own_head	双手放在自己的头上
hands_on_own_knees	双手放在膝盖上
hands_up	双手举起
hanfu	汉服
hanging_breasts	胸悬垂
haori	外罩
happy	快乐的
happy_birthday	生日快乐
happy_halloween	万圣节快乐
happy_new_year	新年快乐
happy_sex	开心做爱
happy_tears	幸福的眼泪
happy_valentine	情人节快乐
harem	后宫
harness	马具
harpy	鹰身女妖
harvin	哈尔滨
hat	帽子
hat_bow	帽子蝴蝶结
hat_feather	帽子上的羽毛帽子饰品羽毛
hat_flower	帽子花
hat_ornament	帽子饰品
hat_ribbon	帽子丝带帽带
hatching_(texture)	孵化（纹理）
have_to_pee	需要撒尿
head-mounted_display	头戴式显示器
head_bump	撞头撞
head_fins	鱼耳头鳍
head_grab	抢头
head_out_of_frame	剪裁过的头部眼睛超出框架
head_rest	下巴托
head_tilt	歪头
head_wings	头翼
head_wreath	花冠
headband	头巾
headdress	头饰
headgear	帽子
headpat	拍头
headphones	耳机
headphones_around_neck	脖子上的耳机
headpiece	头巾
heads_together	头对头头对头
headset	耳麦
heart	心
heart-shaped_box	心盒
heart-shaped_chocolate	巧克力心
heart-shaped_eyewear	心形眼镜
heart-shaped_pupils	心形瞳孔
heart_ahoge	心脏
heart_background	心形背景
heart_censor	心形遮挡
heart_choker	心形项圈
heart_cutout	心形镂空
heart_earrings	心形耳环
heart_hair_ornament	心形发饰
heart_hands	心手
heart_hands_duo	心手二人组
heart_in_eye	心在眼里
heart_in_mouth	心在嘴里
heart_necklace	心形项链
heart_of_string	弦之心
heart_pasties	心馅饼
heart_print	心印
heart_tattoo	心脏纹身
heavy_breathing	气喘吁吁
heckler_&_koch	质问与科赫
height_difference	身高差
helmet	头盔
hetero	异类
heterochromia	异色瞳
hexagram	六芒星
hibiscus	木槿
hiding	隐藏
high-waist_skirt	高腰半身裙
high_collar	高领
high_contrast	高对比度
high_heel_boots	高跟靴
high_heels	高跟鞋
high_ponytail	高马尾
highleg	高腿
highleg_bikini	高腿比基尼
highleg_leotard	高叉紧身连衣服
highleg_panties	高叉内裤
hikarizaka_private_high_school_uniform	光坂私立高中制服
hill	山丘
hime_cut	公主切工
hip_bones	骨盆骨
hip_focus	臀部
hip_vent	臀部镂空
hitodama	狐火
holding	握住物体
holding_animal	拿着蝙蝠（动物）
holding_another's_arm	抱着手臂
holding_another's_wrist	抓住另一个人的手腕
holding_arrow	拿着箭头
holding_axe	拿着斧头
holding_bag	拿着背包拿着钱包
holding_ball	拿着球
holding_book	拿着书
holding_bottle	拿着瓶子
holding_bouquet	拿着花束
holding_bow_(weapon)	持弓（兵器）
holding_bowl	拿着碗
holding_box	收纳盒
holding_broom	拿着扫帚
holding_camera	拿着相机
holding_can	拿着可以
holding_candy	拿着糖果
holding_card	拿着纸牌拿着纸牌
holding_cat	抱着猫
holding_chopsticks	拿着筷子
holding_cigarette	拿着香烟
holding_cup	拿着水杯
holding_doll	抱着娃娃
holding_fan	拿着扇子
holding_flag	拿着旗帜
holding_flower	拿着花
holding_food	拿着食物
holding_fork	拿着叉子
holding_fruit	拿着苹果拿着桃子拿着草莓
holding_gift	拿着礼物
holding_gun	拿着枪
holding_hands	牵手
holding_hat	拿着帽子
holding_instrument	拿着吉他拿着小提琴
holding_knife	拿着刀
holding_lollipop	拿着棒棒糖
holding_mask	拿着面具
holding_microphone	拿着话筒
holding_own_arm	抱臂
holding_panties	拿着内裤
holding_paper	拿着纸
holding_pen	握笔
holding_phone	拿着手机
holding_pipe	手持管子
holding_plate	托板
holding_poke_ball	拿着
holding_pokemon	拿着口袋妖怪
holding_polearm	拿着长枪拿着薙刀拿着枪
holding_scythe	拿着镰刀
holding_sheath	持鞘
holding_shield	拿着盾牌
holding_sign	举牌子
holding_spoon	拿着勺子
holding_staff	控股员工
holding_strap	固定带
holding_stuffed_toy	拿着毛绒玩具
holding_sword	拿着武士刀
holding_towel	拿着毛巾
holding_tray	托盘
holding_umbrella	撑伞
holding_underwear	拿着内衣
holding_wand	拿着魔杖
holding_weapon	拿着武器
holly	冬青
holster	皮套
hood	兜帽
hood_down	敞篷下来
hood_up	罩起来
hooded_capelet	连帽披肩
hooded_cloak	连帽斗篷
hooded_coat	连帽大衣
hooded_jacket	连帽外套
hoodie	连帽衫
hoop_earrings	圈形耳环
horizon	地平线
horizontal_pupils	青蛙眼睛山羊眼睛
horn_bow	喇叭弓
horn_ornament	喇叭饰品
horn_ribbon	牛角丝带
horned_headwear	有角的头饰
horns	牛角
horror_(theme)	令人毛骨悚然
horse	马匹
horse_ears	马耳朵
horse_girl	小马女孩
horse_tail	马尾巴
horseback_riding	骑马
horseshoe_ornament	马蹄形饰品
hose	水管
hot	热的
house	房屋
hug	拥抱
hug_from_behind	背抱
huge_ahoge	大呆毛
huge_ass	大屁股
huge_breasts	巨乳
huge_nipples	大乳头
huge_penis	超大阴茎
huge_weapon	巨大的枪巨大的剑超大武器
hugging_own_legs	抱膝
humanization	人性化
humanoid_robot	人形机器人
husband_and_wife	丈夫和妻子
hydrangea	绣球花
hypnosis	催眠术
ice	冰
ice_cream	冰淇淋
ice_cream_cone	蛋筒冰淇淋
ice_cube	冰块
ice_wings	冰翼
icho_private_high_school_uniform	icho私立高中制服
id_card	身份证
identity_censor	遮脸
idol	偶像
if_they_mated	如果他们交配
image_sample	图像样本
imagining	白日梦
imminent_kiss	几乎接吻
imminent_penetration	准备插入
imminent_rape	即将被强奸
imminent_vaginal	准备阴道插入
implied_futanari	暗示双性身体
implied_sex	暗示做爱
impossible_bodysuit	不可能的连体衣
impossible_clothes	不可能的衣服
impossible_dress	不可能的衣服
impossible_leotard	不可能的紧身衣
impossible_shirt	不可能的衬衫
improvised_gag	临时口枷
in_box	盒子里的男孩
in_bucket	桶里的女孩
in_container	容器中的人
in_food	食物中的女孩
in_the_face	在脸上
in_tree	在树上
incest	乱伦
incoming_gift	收到的礼物
index_finger_raised	举起手指
indian_style	盘腿坐
indoors	室内
infection_monitor_(arknights)	矿石病监测器（明日方舟）
inflatable_toy	充气玩具
injury	受伤的伤口受伤的伤口
ink	墨水
inkling	暗示
innertube	内胎游泳圈
insignia	徽章
instant_loss	瞬间损失2koma
instrument	仪器
instrument_case	仪器箱
interface_headset	接口耳机
interlocked_fingers	十指相扣
internal_cumshot	体内射精
interracial	跨种族
interspecies	种间
inverted_nipples	凹陷乳头
invisible_chair	看不见的椅子
iron_cross	铁十字
irrumatio	强制口交
jack-o'-lantern	南瓜灯
jack-o'_challenge	挑战
jackal_ears	豺耳
jacket	夹克
jacket_around_waist	腰间夹克
jacket_on_shoulders	单肩外套
jaggy_line	锯齿线条
japanese_armor	日本盔甲武士盔甲
japanese_clothes	日本服装
japanese_flag	日本国旗
japari_symbol	日本符号
jar	罐
jealous	妒忌
jeans	蓝色牛仔裤
jellyfish	海蜇
jester_cap	小丑帽
jewelry	珠宝首饰
jiangshi	中国吸血鬼
jingle_bell	猫铃
jitome	平视
joints	关节
jpeg_artifacts	人工制品
juice_box	果汁盒
juliet_sleeves	泡泡肩长袖
jumping	跳跃
jumpsuit	工作服
kabedon	撞墙
kanzashi	寒座
kappougi	割宝木
katana	武士刀
kemonomimi_mode	兽类模式
kerchief	头巾
key	钥匙
keyboard_(instrument)	电键盘
keyhole	锁孔
kicking	踢
kimono	和服
kindergarten_uniform	幼儿园制服
kiss	接吻
kissing_cheek	亲吻脸颊亲吻脸颊
kissing_forehead	额头上的吻
kita_high_school_uniform	北高中制服
kitauji_high_school_uniform	北宇治高中制服
kitchen	厨房
kitsune	狐
kiyosumi_school_uniform	清澄校服
knee_boots	过膝长靴
knee_pads	护膝
knee_up	单膝抬起
kneehighs	过膝袜
kneeling	跪着
kneepits	膝窝
knees	膝盖
knees_on_chest	膝盖压在胸部
knees_to_chest	抱膝
knees_together_feet_apart	膝盖接触
knees_up	收腿坐姿
knife	刀
knight	骑士
kogal	科加勒
korean_clothes	韩服
korean_text	韩国人
kotatsu	被炉
kote	小手
kunai	苦无
kuromorimine_military_uniform	黑森峰军装
kuromorimine_school_uniform	黑森峰校服
kyuubi	九尾
labia	阴唇
lace	蕾丝
lace-trimmed_bra	蕾丝边饰文胸
lace-trimmed_dress	蕾丝边连衣裙
lace-trimmed_legwear	蕾丝边饰及膝长筒袜
lace-trimmed_panties	蕾丝边内裤
lace-up_boots	系带靴
lace_bra	蕾丝文胸
lace_panties	蕾丝内裤
lace_trim	花边饰边
lactation	哺乳期
ladder	梯子
ladle	钢包
lake	湖泊
lamia	蛇女
lamp	灯具
lamppost	灯柱
lance	槊
landscape	山水景观
lantern	灯笼
lanyard	挂绳
lap_pillow	头在膝盖上
laptop	笔记本电脑
large_areolae	大乳晕
large_bow	大弓
large_breasts	大胸
large_pectorals	大胸肌
large_penis	大阴茎
large_tail	大尾巴
latex	乳胶
latin_cross	拉丁十字
laughing	大笑
laurel_crown	桂冠
layered_bikini	分层比基尼
layered_clothing	叠穿服装
layered_dress	层叠连衣裙
layered_skirt	层叠裙
layered_sleeves	分层袖子
leaf	树叶
leaf_hair_ornament	发叶
leaf_on_head	头上的叶子
leaf_print	叶印
leaning	倚靠
leaning_back	后仰
leaning_forward	前倾
leaning_on_person	靠在另一个
leaning_to_the_side	靠在一边
leash	皮带
leather	皮革
leather_jacket	皮夹克
left-handed	左撇子
left-to-right_manga	从左到右
leg_garter	腿部袜带
leg_grab	抓腿
leg_hair	腿毛
leg_lift	抬腿
leg_lock	腿锁
leg_ribbon	腿带
leg_tattoo	大腿纹身
leg_up	抬腿
leg_warmers	暖腿套
leggings	紧身裤
legs	腿
legs_apart	双腿分开
legs_together	膝盖并拢
legs_up	双腿抬起
lemon	柠檬
lemon_slice	柠檬片
lens_flare	镜头光晕
leopard_print	豹纹
leotard	紧身衣
leotard_aside	紧身衣放在一边
leotard_under_clothes	衣服下面的紧身连衣裤
letter	信
letterboxed	信箱信箱
letterman_jacket	校队夹克
library	图书馆
licking	舔舔
licking_finger	舔手指
licking_lips	舔嘴唇
licking_penis	舔阴茎
lifebuoy	救命稻草
lifting_person	举起另一个
light_areolae	浅色乳晕
light_blue_eyes	浅蓝色眼睛
light_blue_hair	淡蓝色的头发
light_blush	淡淡的腮红
light_brown_eyes	浅棕色眼睛
light_bulb	灯泡
light_frown	轻轻皱眉
light_particles	灰尘颗粒
light_purple_eyes	浅紫色眼睛
light_rays	光线
light_smile	淡淡的微笑
light_trail	光迹
lightning	闪电
lightning_bolt_symbol	闪电
lily_(flower)	百合
lily_pad	睡莲
limited_palette	受限制的调色板
lineart	线条艺术
lineup	排队排队
lingerie	情趣内衣
lion	狮子
lion_ears	狮子耳朵
lion_girl	狮子女
lion_tail	狮尾
lip_piercing	嘴唇穿孔
lips	嘴唇
lipstick	口红
liquid	液体
loafers	乐福鞋
lock	锁
locked_arms	手挽手
locker	储物柜
locker_room	更衣室
logo	标识
loincloth	腰布
lolita_fashion	洛丽塔
lolita_hairband	洛丽塔头带
lollipop	棒棒糖棒棒糖
long_braid	长辫子
long_coat	长大衣
long_dress	长裙
long_fingernails	长指甲
long_hair	长发
long_legs	大长腿
long_pointy_ears	长而尖的耳朵
long_sideburns	长鬓角
long_skirt	长裙
long_sleeves	长袖
long_tongue	长舌头
look-alike	外观连接看起来很像
looking_afar	远眺
looking_ahead	展望未来
looking_at_another	看着另一个
looking_at_viewer	看向镜头
looking_back	回头看
looking_down	向下看
looking_to_the_side	看向侧面
looking_up	向上看
loose_belt	宽松的腰带
loose_clothes	宽松的衣服
loose_necktie	宽松的领带
loose_socks	宽松的袜子
lotion	洗剂
lotus	莲花
lounge_chair	躺椅
low-tied_long_hair	长头发扎低
low_ponytail	低马尾
low_twintails	低双马尾
low_wings	臀部翅膀下背部翅膀腰部翅膀
lower_body	下半身
lowleg	小腿
lowleg_bikini	低腿比基尼
lowleg_panties	低腰内裤
lying	躺着
lying_on_person	躺在人身上
m_legs	米腿
macaron	马卡龙
mace	锤
machine_gun	机枪
machinery	机械
maebari	前张
magatama	勾玉
magatama_earrings	勾玉耳环
magazine_(object)	杂志杂志
magazine_(weapon)	弹药库
magazine_cover	杂志封面
magazine_scan	杂志扫描
magic	魔法
magic_circle	魔法阵
magical_girl	魔法少女魔法少女魔法少女
magical_musket	神奇的火枪
mahjong	麻将
maid	女仆装女仆装女仆装女仆制服女仆
maid_apron	女仆围裙
maid_bikini	女仆比基尼
maid_headdress	女仆
makeup	化妆化妆
male_focus	男性男性只有男性男性
male_masturbation	打飞机
male_pubic_hair	阴毛（男）
male_swimwear	泳装（男）
male_underwear	男款内裤
mallet	槌
mandarin_orange	克莱门汀橘子蜜柑橘子
manga_(object)	漫画书
manly	加
map	地图
maple_leaf	枫叶
marker_(medium)	复印件
mary_janes	玛丽简斯
mascara	睫毛膏
mascot	吉祥物
mask	面具
mask_on_head	头上的面具
masturbation	自慰
mating_press	屈腿压身位
mature_female	成熟成熟的女人摩洛伊斯兰解放阵线
mature_male	假爱
meat	肉
mecha	机甲
mecha_musume	机甲少女
mechanical_arms	机器人手臂
mechanical_halo	机械光环
mechanical_legs	机械腿
mechanical_pencil	自动铅笔
mechanical_wings	机械翅膀
mechanization	机械化
medal	奖牌
medical_eyepatch	医用眼罩
medium_breasts	中等胸
medium_hair	中长发
medium_skirt	中裙
mega_pokemon	巨型口袋妖怪
megaphone	扩音器扩音器
meiji_schoolgirl_uniform	明治女学生制服
melting	融化
meme	模因
meme_attire	模因服装
menu	菜单
mermaid	美人鱼
merry_christmas	圣诞快乐
messy	凌乱的
messy_hair	蓬乱头发
metal_collar	金属项圈
micro_bikini	微比基尼
micro_shorts	超短裤
microdress	微礼服
microphone	麦克风
microphone_stand	话筒架
microskirt	超短裙
midair	半空中
middle_finger	弹开手指
midriff	膈
midriff_peek	肚皮偷看
miko	神社的少女
milestone_celebration	追随者命中命中基里班
military	军队
military_hat	军帽
military_jacket	军装夹克
military_uniform	军装
military_vehicle	军车
milk	牛奶
milk_bottle	奶瓶
millipen_(medium)	毫笔
mimikaki	耳朵清洁器
mind_control	洗脑
mini-hakkero	迷你八角
mini_crown	小皇冠
mini_hat	小帽子
mini_top_hat	小礼帽
mini_wings	小翅膀
miniboy	小男孩
minigirl	迷你女孩
miniskirt	迷你裙短裙
mirror	镜子
mismatched_bikini	不匹配的比基尼
mismatched_footwear	不匹配的鞋子
mismatched_gloves	不匹配的手套
mismatched_legwear	不匹配的裤袜
missile	导弹
missionary	传教士式
mitakihara_school_uniform	见木原校服
mitsudomoe_(shape)	三重巴纹
mittens	连指手套
mmf_threesome	调情三人行
moaning	呻吟
mob_cap	暴徒上限
mobile_suit	机动战士
mochi	年糕
mohawk	莫霍克族
mole	美容标记
mole_on_breast	胸上的痣
mole_on_thigh	大腿上的痣
mole_under_eye	眼睛下面的痣
mole_under_mouth	嘴下痣
money	钱
monitor	电脑显示器电脑屏幕
monkey	猴
monkey_tail	猴尾巴
monochrome	单色的
monocle	单片眼镜
monster	怪物
monster_boy	怪物男孩
monster_girl	怪物少女
moon	月亮
moon_(ornament)	月亮（摆件）
moonlight	月光
mop	拖把
mosaic_censoring	马赛克
moss	苔藓
mother_and_daughter	母亲和女儿
mother_and_son	妈妈和儿子
motion_blur	运动模糊
motion_lines	运动线
motor_vehicle	机动车
motorcycle	摩托车
mountain	山脉
mountainous_horizon	远山轮廓
mouse_ears	nezumimi鼠耳
mouse_girl	老鼠女孩
mouse_tail	鼠尾
mouth_drool	流口水
mouth_hold	嘴含住
mouth_mask	口罩
mug	马克杯
multi-tied_hair	多扎头发
multicolored_background	彩色背景
multicolored_bikini	五彩比基尼
multicolored_bodysuit	五彩连体衣
multicolored_clothes	五颜六色的衣服
multicolored_dress	五彩裙子
multicolored_eyes	五颜六色的眼睛
multicolored_gloves	五彩手套
multicolored_hair	多色头发
multicolored_jacket	五彩夹克
multicolored_nails	不匹配的指甲油
multicolored_skin	五颜六色的皮肤
multicolored_skirt	五彩裙子
multiple_4koma	多个
multiple_belts	多带
multiple_boys	多名男性
multiple_crossover	多重交叉
multiple_fellatio	多人口交
multiple_girls	多名女性
multiple_hair_bows	多个发弓
multiple_others	多人
multiple_penises	多个阴茎
multiple_persona	四重人格
multiple_rings	多环
multiple_tails	多条尾巴
multiple_views	多个视图
multiple_wings	额外的翅膀
muneate	弓道护胸
muscular	肌肉
muscular_female	肌肉女
muscular_male	肌肉男
mushroom	蘑菇
music	音乐
musical_note	音乐笔记
musical_note_hair_ornament	低音谱号发饰
mustache	胡子
muted_color	柔和的颜色
naginata	薙刀
nail_polish	彩色指甲
naked_apron	只穿围裙
naked_cape	只穿披风
naked_coat	只穿外套
naked_ribbon	只缠丝带
naked_sheet	只裹床单
naked_shirt	只穿衬衫
naked_sweater	只穿毛衣
naked_towel	只裹毛巾
name_tag	名称标签
namesake	同名内容
nanairogaoka_middle_school_uniform	七彩丘中学制服
nanamori_school_uniform	七森校服
naoetsu_high_school_uniform	直江津高中制服
nape	久美筋
narrow_waist	细腰
nature	自然景观
naughty_face	调皮的微笑
naval_uniform	海军制服
navel	肚脐
navel_cutout	心形肚脐镂空
navel_hair	肚脐毛
navel_piercing	肚脐穿孔肚脐环
neck	脖子
neck_bell	铃领
neck_ribbon	颈带
neck_ring	颈环
neck_ruff	领口
neckerchief	围巾
necklace	项链
necktie	领带领带
necktie_between_breasts	领带夹在胸间
needle	针
negligee	便服
nekomata	猫又
nengajou	能干
neon_trim	霓虹灯装饰
nervous	紧张
nervous_smile	紧张的微笑
new_year	新的一年
newspaper	报纸
nib_pen_(medium)	钢笔（中）nib
night	夜间
night_sky	夜空
nightcap	睡帽
nightgown	睡衣
ninja	女忍
nintendo_switch	任天堂开关
nipple_piercing	乳头穿环
nipple_rings	乳环
nipple_slip	乳头走光
nipple_tweak	捏乳头
nipples	露点
no_bra	没穿胸罩
no_eyes	没有眼睛
no_eyewear	没有眼镜
no_hat	未戴帽子
no_headwear	无帽
no_humans	无人物
no_legwear	没有裤袜
no_mouth	没有嘴
no_nipples	无乳头
no_nose	没鼻子
no_panties	没穿内裤
no_pants	没有裙子
no_pupils	没有学生
no_pussy	无外阴
no_shirt	没有衬衫
no_shoes	没有鞋子
no_socks	没有袜子
no_wings	没有翅膀
nontraditional_miko	非传统巫女
noodles	面条
nose	鼻子
nose_blush	鼻子泛红
nose_bubble	鼻涕泡
nose_piercing	鼻子穿孔
nosebleed	鼻血
notebook	笔记本
notice_lines	注意线
novel_illustration	小说插画
novelty_censor	图案遮挡
nude	裸露
nude_cover	裸体封面
nude_filter	裸体滤镜
number_tattoo	数字纹身
numbered	编号的
nun	尼姑
nurse	护士装护士制服
nurse_cap	护士帽
o-ring	O型圈
o-ring_bikini	o环比基尼环比基尼
o-ring_bottom	O型圈底
o-ring_top	型环比基尼上衣
o_o	哦
obi	腰带
obiage	服役
obijime	带祭
object_insertion	插入
object_namesake	对象同名
object_on_head	头上的物体
ocean	海洋
octoling	八角形
octopus	章鱼
oekaki	御垣
off-shoulder_dress	露肩连衣裙
off-shoulder_kimono	露肩和服
off-shoulder_shirt	露肩衬衫
off-shoulder_sweater	露肩毛衣
off_shoulder	露肩露肩
office_chair	电脑椅
office_lady	办公室女郎
official_art	官方艺术
official_style	官风
official_wallpaper	官方壁纸
ofuda	大田
oil-paper_umbrella	日本伞东方伞纸伞
ok_sign	好的
old	老的
old_man	老人
old_school_swimsuit	老学校泳装
old_woman	老太婆
older	较年长
on_back	仰卧
on_bed	床上
on_chair	在椅子上
on_couch	沙发上
on_desk	在办公桌上
on_floor	地板上
on_ground	坐在地上
on_head	在头上
on_shoulder	在肩膀上
on_side	侧卧
on_stomach	俯卧
one-eyed	一只眼
one-piece_swimsuit	连体泳衣
one-piece_tan	连体棕褐色
one_breast_out	露单侧胸
one_eye_closed	闭一只眼
one_eye_covered	遮住眼睛
one_side_up	一面朝上
oni	鬼
oni_mask	鬼面具
onigiri	饭团饭团
onsen	温泉
ooarai_military_uniform	大洗军服
ooarai_school_uniform	大洗校服
opaque_glasses	不透明眼镜
open-chest_sweater	钥匙孔毛衣
open_book	打开书
open_cardigan	开毛衣
open_clothes	打开衣服
open_coat	开大衣
open_door	开门
open_dress	开裙
open_fly	解开的裤子
open_hand	张开手
open_hands	张开双手
open_hoodie	开帽衫
open_jacket	开襟西装外套
open_kimono	打开浴衣
open_mouth	张嘴
open_shirt	打开衬衫
open_shorts	开短裤
open_skirt	开裙
open_vest	开背心
oppai_loli	欧派萝莉
oral	口交
orange_(fruit)	橙子
orange_background	橙色背景
orange_bikini	橙色比基尼泳裤
orange_bodysuit	橙色连体衣
orange_bow	橙色蝴蝶结
orange_bowtie	橙色领结
orange_choker	橙色项圈
orange_dress	橙色连衣裙
orange_eyes	橙色的眼睛
orange_flower	橙色花朵
orange_footwear	橙色靴子橙色鞋子
orange_gloves	橙色手套
orange_hair	橙发
orange_hairband	橙色发带
orange_jacket	橙色夹克
orange_nails	橙色的指甲
orange_necktie	橙色领带
orange_ribbon	橙色丝带
orange_scarf	橙色围巾
orange_scrunchie	橙色发带
orange_shirt	橙色衬衫
orange_skirt	橙色裙子
orange_sky	橙色天空
orange_theme	橙色主题
orb	球体
orc	工作
orgasm	高潮
orgy	群交
oripathy_lesion_(arknights)	矿石病灶（明日方舟）
otoko_no_ko	陷阱
otonokizaka_school_uniform	音木坂校服
out-of-frame_censoring	画面外遮挡
out_of_frame	框架外
outdoors	户外
outline	勾勒轮廓
outside_border	在边界外裁剪背景
outstretched_arm	手臂伸出
outstretched_arms	伸出双臂
outstretched_hand	伸出的手
over-kneehighs	过膝
over-rim_eyewear	超框眼镜
over_shoulder	过肩
overalls	工作服
oversized_animal	巨型动物
oversized_clothes	松垮的袖子超大的衣服
oversized_object	超大物体
owl	猫头鹰
own_hands_clasped	紧握的双手
own_hands_together	双手合十
paddle	桨
padlock	挂锁
paid_reward	支付报酬
pain	哎哟
paint	画
paint.net_(medium)	paint.net（中）
paint_splatter	油漆飞溅
paintbrush	画笔
painting	绘画
painting_(medium)	油漆（中）
painting_(object)	画（物）
painttool_sai_(medium)	SAI绘画
paizuri	乳交
paizuri_under_clothes	隔着衣服乳交
pajamas	睡衣
pale_color	浅色
pale_skin	浅肤色
palm_tree	棕榈树
palms	手掌
pancake	薄煎饼
panda	熊猫
pant_suit	裤装裤装
panties	内裤
panties_around_one_leg	内裤挂在单腿上
panties_aside	内裤拨开
panties_removed	脱下内裤
panties_under_pantyhose	连裤袜下的内裤
pants	长裤
pants_pull	裤子掉了
panty_peek	内裤露出一点
panty_pull	拉下内裤
pantyhose	裤袜
pantyhose_pull	连裤袜
pantylines	内裤轮廓
pantyshot	露内裤
paper	纸
paper_bag	纸袋
paper_fan	纸扇
paper_lantern	纸灯笼
paradis_military_uniform	天堂军服
parasol	阳伞
parfait	冻糕
parody	恶搞
parted_bangs	分开刘海
parted_lips	微张嘴唇
partially_colored	部分单色
partially_fingerless_gloves	部分露指手套
partially_submerged	部分淹没
partially_unbuttoned	部分解开
partially_undressed	脱了一部分衣服
partially_unzipped	部分解压缩
partially_visible_vulva	部分可见的外阴
pasties	馅饼
pastry	糕点
path	小路
patreon_logo	赞助标志
patreon_username	用户名
patterned_background	图案背景
patterned_clothing	有图案的衣服
pauldrons	肩甲护肩
paw_gloves	爪子手套
paw_pose	猫式狗式
paw_print	爪印
paw_shoes	爪靴
peach	桃子
peaked_cap	尖顶帽
pearl_(gemstone)	珍珠（宝石）
pearl_necklace	珍珠项链
pectoral_cleavage	男性乳沟
pectorals	胸肌
pee	尿
peeing	水上运动
peeing_self	小便内裤
peeking	窥视
peeking_out	一位大师在角落里偷看
pelvic_curtain	胯部面纱阴部面纱腰部面纱
pen	笔
pencil	铅笔
pencil_dress	铅笔裙
pencil_skirt	铅笔裙
pendant	吊坠
penguin	企鹅
penis	露鸟
penis_awe	对阴茎吃惊
penis_on_face	阴茎贴脸
pentacle	五角星
pentagram	五角星
perky_breasts	胸挺立
personification	拟人化吉金卡
perspective	看法
pervert	色狼
petals	花瓣
petite	娇小的
petticoat	衬裙
phimosis	包茎
phone	电话
photo-referenced	照片参考
photo_(medium)	照片（中）
photo_(object)	照片（物体）
photo_background	现实生活中的动漫
photoshop_(medium)	photoshop（中）
piano	原声钢琴
picture_frame	镜框
piercing	穿孔穿孔
pig	仔猪
pigeon-toed	进入鸽子脚趾鸽子脚趾
piggyback	背着
pill	药丸
pillar	支柱
pillarboxed	邮筒
pillow	枕头
pillow_hug	抱枕
pinafore_dress	跳线
pince-nez	夹鼻眼镜
pinching	捏
pink-framed_eyewear	粉框眼镜
pink_apron	粉色围裙
pink_background	粉色背景
pink_bikini	粉红色比基尼下装
pink_bodysuit	粉色连体衣
pink_bow	粉色蝴蝶结
pink_bowtie	粉色领结
pink_bra	粉色文胸
pink_cardigan	粉色开衫
pink_choker	粉红色项圈
pink_dress	粉红色的裙子
pink_eyes	粉眼睛
pink_flower	粉色花朵
pink_footwear	粉红色的靴子粉红色的鞋子
pink_gloves	粉色手套
pink_hair	粉发
pink_hairband	粉色发箍
pink_jacket	粉色夹克
pink_kimono	粉色浴衣
pink_leotard	粉色紧身连衣裤
pink_lips	粉色口红
pink_nails	粉红色的指甲
pink_neckerchief	粉色围巾
pink_necktie	粉色领带
pink_panties	粉色内裤
pink_ribbon	粉红丝带
pink_rose	粉红玫瑰
pink_scarf	粉色围巾
pink_scrunchie	粉色发带
pink_shirt	粉红色的衬衫
pink_shorts	粉色短裤
pink_skin	粉红色的皮肤
pink_skirt	粉色裙子
pink_sleeves	粉色袖子
pink_sweater	粉色毛衣
pink_swimsuit	粉色泳装
pink_theme	粉色主题
pinky_out	延长的小指
pinstripe_pattern	细条纹细条纹
pipe	管子
pipes	多根管子
pirate	海盗
pirate_hat	海盗帽
pistol	手枪
pith_helmet	髓盔
pixel_art	精灵
pizza	比萨
plaid_background	格子背景
plaid_bikini	格子比基尼
plaid_bow	格子蝴蝶结
plaid_dress	格子连衣裙
plaid_necktie	格子领带
plaid_scarf	格子围巾
plaid_shirt	格子衬衫
plaid_skirt	格子裙
plaid_vest	格子背心
planet	行星
plant	植物
plantar_flexion	趾点
planted	植入的武器
planted_sword	剑在地
plastic_bag	塑料袋
plate	盘子
platform_footwear	厚底鞋平台
playboy_bunny	兔子套装
playing_card	扑克牌
playing_games	玩游戏
playing_instrument	演奏乐器
playing_with_own_hair	玩自己的头发
playstation_portable	掌上电脑
pleated_dress	百褶连衣裙
pleated_skirt	百褶裙
plectrum	吉他拨片
plugsuit	插头套装
plump	丰满
pocket	口袋
pocket_watch	怀表
pocky	佩佩罗
pocky_day	佩佩罗日
pocky_kiss	百奇游戏
pointer	指针
pointing	指向
pointing_at_self	指着自己
pointing_at_viewer	pov指向
pointing_up	指向天空
pointless_censoring	没挡严
pointy_ears	长耳朵
pointy_hair	尖尖的头发
poke_ball	怪物球戳球
poke_ball_(basic)	精灵球（通用）
pokemon_(creature)	宠物小精灵（生物）
poking	戳
pole	极
polearm	长柄武器
police	警务人员
police_hat	警察帽
police_uniform	警察制服
policewoman	女警察
polka_dot	波尔卡圆点
polka_dot_background	圆点背景
polka_dot_bikini	波点比基尼
polka_dot_bow	圆点蝴蝶结
polka_dot_bra	波点文胸
polka_dot_panties	波点内裤
pom_pom_(cheerleading)	绒球绒球绒球绒球绒球绒球绒球绒球绒球
pom_pom_(clothes)	衣物绒球
pompadour	蓬巴杜
poncho	雨披
pond	池塘
ponytail	马尾
pool	泳池
pool_ladder	泳池梯子
poolside	泳池边
popped_collar	立领
popsicle	冰棒
portrait	肖像
poster_(object)	海报（物体）
potato_chips	薯片
potted_plant	盆栽
pouch	小袋
pouring	浇注
pout	嘟嘴
pov	男性观点
pov_crotch	裆部视角
pov_hands	手视角
power_armor	动力装甲
power_lines	电源线
power_suit	动力服
power_symbol	权力符号
prayer_beads	念珠
praying	祈祷
precum	前液
pregnant	孕
prehensile_hair	能抓握的头发
presenting	性邀请
princess	公主
princess_carry	新娘携带
print_bikini	印花比基尼
print_bow	打印弓
print_bowtie	印花领结
print_dress	印花连衣裙
print_gloves	印花手套
print_kimono	印花浴衣
print_panties	印花内裤
print_shirt	图形衬衫印花衬衫
print_skirt	印花裙
product_placement	品牌
profanity	亵渎
profile	侧脸
projected_inset	投影插图
projectile_cum	精液喷出
promotional_art	宣传艺术
prone_bone	俯卧后入
prosthesis	假肢
prosthetic_arm	假肢
prostitution	性交易
pubic_hair	阴毛
pubic_hair_peek	阴毛露出一点
pubic_tattoo	下腹纹身
public_indecency	公共性
public_nudity	公开裸体
puckered_lips	皱起的嘴唇
pudding	水果馅饼
puddle	水坑
puffy_long_sleeves	长泡泡袖
puffy_nipples	凸起乳头
puffy_short_sleeves	短袖
puffy_shorts	蓬松短裤
puffy_sleeves	浮肿的肩膀
pulling	拉
pumpkin	南瓜
pumps	泵
pun	双关语
punching	冲床
puppet	木偶
purple_background	紫色背景
purple_bikini	紫色比基尼泳裤
purple_bodysuit	紫色连体衣
purple_bow	紫弓
purple_bowtie	紫色领结
purple_bra	紫色文胸
purple_cape	紫色斗篷
purple_choker	紫色项圈
purple_dress	紫色连衣裙
purple_eyes	紫眼睛
purple_flower	紫色花朵
purple_footwear	紫色靴子
purple_gloves	紫色手套
purple_hair	紫发
purple_hairband	紫色发带
purple_jacket	紫色夹克
purple_kimono	紫色浴衣
purple_leotard	紫色紧身衣
purple_lips	薰衣草口红紫色口红
purple_nails	薰衣草指甲
purple_necktie	紫色领带
purple_panties	紫色内裤
purple_pants	紫色裤子
purple_ribbon	紫丝带
purple_rose	紫玫瑰
purple_scarf	紫色围巾
purple_shirt	紫色上衣
purple_shorts	紫色短裤
purple_skin	紫色皮肤
purple_skirt	紫色裙子
purple_sleeves	紫袖
purple_theme	紫色主题
purple_umbrella	紫色雨伞
purple_vest	紫色背心
purple_wings	紫色的翅膀
pussy	露下面
pussy_juice	爱液
pussy_juice_stain	爱液痕迹
pussy_juice_trail	爱液拉丝
pussy_peek	下面露出一点
quad_tails	四尾
quarter_note	钩针
quill	羽毛笔
quiver	颤动
rabbit_ears	兔子耳朵
rabbit_girl	兔女郎
rabbit_house_uniform	兔舍制服
rabbit_tail	兔子尾巴
raccoon_ears	狸猫耳朵狸猫
raccoon_girl	浣熊女孩
raccoon_tail	狸尾巴
race_queen	赛车皇后
racket	球拍
raglan_sleeves	插肩袖
railing	栏杆
railroad_tracks	铁轨
raimon	雷蒙
rain	下雨
rainbow	彩虹
rainbow_order	彩虹订单
raincoat	雨衣
raised_eyebrow	扬起眉毛
raised_eyebrows	扬起眉毛
ramen	拉面
randoseru	裸书包
ranguage	人造芬兰人造希腊
rape	强奸
rapier	剑杆
reaching	伸手
reading	阅读
real_life_insert	现实生活插入
realistic	写实画面
reclining	横卧
recording	记录
red-framed_eyewear	红框眼镜
red_ascot	红领巾
red_background	红色背景
red_belt	红腰带
red_bikini	红色比基尼下装
red_bodysuit	红色紧身连衣裤
red_bow	红色领结
red_bowtie	红色领结
red_bra	红色文胸
red_buruma	红布鲁玛
red_cape	红斗篷
red_capelet	红披肩
red_choker	红色项圈
red_coat	红外套
red_collar	红领
red_dress	红色礼服
red_eyes	红眼睛
red_eyeshadow	红色眼影
red_flower	红花
red_footwear	红色靴子红色鞋子
red_gloves	红手套
red_hair	红发
red_hairband	红色发带
red_hakama	红色袴
red_headband	红色头带
red_horns	红角
red_jacket	红色西装外套
red_kimono	红色浴衣
red_leotard	红色紧身衣
red_lips	红唇膏
red_moon	红月
red_nails	红指甲
red_neckerchief	红领巾
red_necktie	红领带
red_panties	红色内裤
red_pants	红裤子
red_ribbon	红带
red_rope	红绳
red_rose	红玫瑰
red_sailor_collar	红色水手领
red_sash	红腰带
red_scarf	红领巾
red_scrunchie	红色发带
red_shirt	红色上衣
red_shorts	红色短裤
red_skin	红皮肤
red_skirt	红裙子
red_sky	红色天空
red_sleeves	红袖子
red_sweater	红色毛衣
red_swimsuit	红色泳装
red_theme	红色主题
red_umbrella	红伞
red_vest	红色背心
red_wings	红色的翅膀
reflection	倒影
refrigerator	冰箱
rei_no_himo	令之人
reindeer_antlers	驯鹿鹿角
reindeer_costume	驯鹿服装
remote_control	遥控器
remote_control_vibrator	遥控震动棒
resized	调整大小
restaurant	餐厅
restrained	克制的
retro_artstyle	老套
revealing_clothes	暴露衣服
reverse_bunnysuit	反向兔衣
reverse_cowgirl_position	反向骑乘位
reverse_grip	反握
reverse_outfit	反装
reverse_suspended_congress	倒吊式
reverse_trap	反向陷阱
revolver	左轮手枪
ribbed_dress	罗纹连衣裙
ribbed_legwear	罗纹裤袜
ribbed_shirt	罗纹衬衫
ribbed_sweater	罗纹毛衣
ribbon	丝带
ribbon-trimmed_clothes	缎带衣服
ribbon-trimmed_collar	缎带领
ribbon-trimmed_skirt	缎带边饰半身裙
ribbon-trimmed_sleeves	丝带边袖
ribbon_bondage	丝带捆绑
ribbon_choker	丝带项圈
ribbon_trim	丝带装饰
ribs	肋骨
rice	悟饭
rice_bowl	饭碗饭碗
riding	骑术
riding_crop	策
rifle	步枪
rigging	索具
rimless_eyewear	无框眼镜
ring	戒指
ringed_eyes	眼圈
ringlets	小环
ripples	水波
ritual_baton	仪式指挥棒
river	河流
road	道路
road_sign	街道标志
robe	长袍
robot	机器人
robot_ears	机器耳朵
robot_joints	机器人关节
rock	岩石
rocket_launcher	导弹发射器
rod_of_remorse	悔恨之杖
role_reversal	角色反转
roller_skates	溜冰鞋
rolling_eyes	眼珠
romaji_text	罗马字罗马字
roman_numeral	罗马数字
rooftop	屋顶
rope	绳索
rose	玫瑰
rose_petals	玫瑰花瓣
rose_print	玫瑰印花
roswaal_mansion_maid_uniform	罗兹瓦尔宅邸女仆服
round_eyewear	圆框眼镜
round_teeth	圆牙
rubber_boots	套鞋
rubber_duck	橡皮鸭橡皮鸭
rubbing_eyes	揉眼
rubble	瓦砾
rudder_footwear	舵鞋
rug	小地毯
ruins	废墟
running	跑步
russian_text	俄语
ryouou_school_uniform	ryou校服
sack	解雇
sad	悲伤
safety_pin	别针
sagging_breasts	胸下垂
sailor	水手服水手制服
sailor_bikini	水手比基尼
sailor_collar	水手领
sailor_dress	水手服
sailor_hat	水手帽
sailor_senshi_uniform	水手战士制服
sailor_shirt	水手衫
sakazuki	清酒菜
sake	清酒
sake_bottle	清酒瓶
sakugawa_school_uniform	作川校服
sakuragaoka_high_school_uniform	樱丘高中制服
saliva	口水吐
saliva_trail	唾液串
salute	礼炮
sample	示例图
samurai	武士
sand	沙地
sandals	凉鞋
sandwich	三明治
sandwiched	夹在中间
sanpaku	三白
santa_bikini	圣诞老人比基尼
santa_boots	圣诞靴
santa_costume	圣诞老人圣诞老人服装圣诞老人套装
santa_hat	圣诞帽圣诞帽
sapphire_(gemstone)	蓝宝石
sarashi	绷带文胸绷带文胸
sarong	披肩
sash	窗扇
satchel	书包
saucer	茶碟
scabbard	刀鞘
scales	秤
scan	扫描
scan_artifacts	不良扫描
scar	疤痕
scar_across_eye	眼疤
scar_on_cheek	脸颊疤痕
scar_on_chest	胸部疤痕
scar_on_face	面部疤痕
scar_on_nose	鼻疤
scared	害怕
scarf	围巾
scarlet_devil_mansion	红魔馆
scenery	风景
scepter	权杖
school	学校
school_bag	书包
school_chair	学校椅子
school_desk	课桌
school_hat	幼儿园帽子
school_swimsuit	学校泳装
school_uniform	女学生校服女学生
science_fiction	未来派
scissors	剪刀
scope	范围
scowl	皱眉头
scratches	划痕
screaming	尖叫
screencap	屏幕截图
scroll	滚动
scrunchie	松紧的
scythe	镰
seagull	海鸥
seamed_legwear	接缝裤袜
seashell	贝壳
seductive_smile	诱人的微笑
see-through	透视装
see-through_silhouette	透视轮廓
see-through_sleeves	透明袖子
seiza	正坐
self_fondle	摸自己身体
selfcest	自我庆祝
selfie	自拍
semi-rimless_eyewear	半框眼镜
sepia	棕褐色
serafuku	水手福
serious	严肃
serval_print	伺服打印
setsubun	节分
sex	做爱
sex_from_behind	后入
sex_toy	情趣玩具
sexually_suggestive	性暗示
shackles	手铐枷锁
shade	阴影
shaded_face	眼影遮住眼睛
shading_eyes	遮住眼睛
shadow	阴影
shako_cap	军帽
shared_food	嘴对嘴喂养
shared_scarf	围巾分享
shared_umbrella	共用雨伞
shark	鲨鱼
shark_girl	鲨鱼女孩
shark_hood	鲨鱼兜帽
shark_tail	鲨鱼尾巴
sharp_fingernails	锋利的指甲
sharp_teeth	尖牙
shaved_ice	剃须刀
shawl	披肩
sheath	鞘
sheathed	护套
sheep	羊
sheep_ears	羊耳朵
sheep_girl	羊女
sheep_horns	羊角
sheer_clothes	薄透衣服
sheer_legwear	薄透腿部衣物
sheet_grab	抓板
shelf	货架
shell	壳
shell_casing	子弹壳
shibari	绳缚
shibari_over_clothes	隔着衣服绳缚
shide	实德
shield	盾牌
shikigami	纸鬼
shikishi	四季诗
shimakaze_(kancolle)_(cosplay)	岛风（kancolle）（cosplay）
shimenawa	编米绳
shiny_clothes	闪亮的衣服
shiny_pokemon	闪亮的宠物小精灵
shiny_skin	闪闪发光的皮肤
ship	船只
shirt	只有衬衫衬衫
shirt_lift	掀上衣
shirt_pull	衬衫拉
shirt_tucked_in	塞在衬衫里
shirt_tug	衬衫拖船
shoe_dangle	平底鞋悬空高跟鞋悬空
shoe_soles	鞋底
shoes	鞋
shooting_star	流星
shop	商店商店
shopping_bag	购物袋
shore	岸边
short_dress	迷你连衣裙
short_eyebrows	短眉毛
short_hair	短发
short_hair_with_long_locks	长发短发
short_kimono	短和服
short_necktie	迷你领带
short_over_long_sleeves	长袖穿短袖
short_ponytail	短马尾
short_shorts	战利品
short_sleeves	短袖
short_sword	短剑
short_twintails	短双马尾
shorts	短裤
shorts_pull	短裤下拉
shorts_under_skirt	裙下短裤
shotgun	散弹枪
shouji	日式推拉门纱门
shoulder_armor	肩甲
shoulder_bag	单肩包
shoulder_blades	肩胛
shoulder_carry	肩骑
shoulder_cutout	肩部镂空
shoulder_pads	垫肩垫肩
shoulder_spikes	尖刺的肩膀
shoulder_tattoo	肩部纹身
shouting	大喊大叫
shovel	铲
shower_head	淋浴喷头
showering	淋浴
showgirl_skirt	歌舞女郎裙
shrimp	虾
shrine	神社
shrug_(clothing)	赤裸裸的耸肩
shuriken	飞镖
shushing	嘘
shy	害羞
siblings	兄弟姐妹
side-by-side	并排
side-tie_bikini	侧系带比基尼
side-tie_panties	侧系带内裤
side_braid	侧辫子
side_braids	侧辫子
side_bun	侧发髻
side_cutout	侧面镂空
side_ponytail	侧马尾
side_slit	腿开叉
sideboob	侧胸
sideburns	鬓角
sideless_outfit	无边装
sidelocks	侧发
sideways_glance	侧视
sideways_mouth	脸颊嘴侧嘴
sigh	叹息
sign	迹象
signature	艺术家签名亲笔签名
silent_comic	无声漫画
silhouette	轮廓
silk	丝绸
simple_background	简单的背景
singing	唱歌
single_bare_shoulder	单肩
single_braid	单辫子
single_detached_sleeve	单袖
single_earring	一只耳环
single_elbow_glove	一只肘部手套
single_glove	一只手套
single_hair_intake	单发孔
single_horn	独角
single_kneehigh	一膝高
single_leg_pantyhose	单连裤袜腿
single_mechanical_arm	机械臂
single_shoe	一只鞋
single_sidelock	单边锁
single_sleeve	单袖
single_sock	一只袜子
single_thighhigh	大腿一大腿
single_vertical_stripe	单竖条纹
single_wing	一只翅膀
sink	下沉
sisters	姐妹
sitting	坐着
sitting_in_tree	坐在树上
sitting_on_bed	坐在床上
sitting_on_face	坐脸
sitting_on_lap	坐在膝上
sitting_on_person	坐在上面
size_difference	尺寸差异
skates	冰鞋
skeb_commission	委员会
skeleton	骨骼
sketch	粗糙的草图
sketchbook	画板
skewer	串
skin-covered_horns	皮肤覆盖的角
skin_fang	肉牙
skin_tight	紧身紧身衣
skindentation	皮肤凹陷
skinny	纤瘦
skirt	裙子
skirt_around_one_leg	裙子绕在一条腿上
skirt_hold	着装保持
skirt_lift	掀裙子
skirt_pull	裙子拉
skirt_removed	脱下的裙子
skirt_set	裙子套装
skirt_suit	裙装
skirt_tug	裙子拖船
skull	头骨
skull_and_crossbones	骷髅和交叉骨
skull_earrings	骷髅耳环
skull_hair_ornament	头骨发饰
skull_print	头骨打印
sky	天空
skyscraper	摩天大楼
slave	奴隶
sleeping	睡着
sleeping_on_person	睡在另一个
sleeping_upright	直立睡觉
sleepwear	睡衣睡衣
sleepy	困倦
sleeve_cuffs	袖口
sleeveless	没有袖子
sleeveless_dress	无袖连衣裙
sleeveless_jacket	无袖外套
sleeveless_kimono	无袖和服
sleeveless_shirt	无袖上衣
sleeveless_turtleneck	无袖高领衫
sleeves_past_elbows	袖子过肘
sleeves_past_fingers	袖子过手指
sleeves_past_wrists	袖子过腕
sleeves_pushed_up	袖子挽起来
sleeves_rolled_up	卷袖
sliding_doors	滑行门
slime_(substance)	粘粘液
slime_girl	女孩
slingshot_swimsuit	吊带比基尼吊带泳装吊带比基尼
slippers	拖鞋
slit_pupils	猫眼蛇眼
small_breasts	小胸
smartphone	手机
smelling	嗅
smile	微笑
smiley_face	笑脸
smirk	傻笑
smoke	烟雾
smokestack	烟囱
smoking	抽烟
smug	踌躇满志
snake	蛇
snake_hair_ornament	蛇发饰
snake_tail	蛇尾
sneakers	网球鞋
sniper_rifle	狙击枪
snot	鼻涕
snout	口鼻部
snow	积雪
snowflake_hair_ornament	雪花发饰
snowflake_print	雪花印花
snowflakes	雪花
snowing	降雪
snowman	雪人
soaking_feet	泡脚
soap	肥皂
soap_bubbles	泡沫
soccer_ball	足球（物体）
soccer_uniform	足球服
socks	裸袜
soda_can	易拉罐
sode	苏德
soldier	士兵
soles	唯一
solid_oval_eyes	坚实的椭圆形眼睛
solo	单人
solo_focus	单焦点
song_name	歌名
sorcerer's_sutra_scroll	巫师经卷
soul_gem	灵魂宝石
sound_effects	象声词
space	外太空
space_craft	航天器
spacesuit	宇航服
spade_(shape)	铲子（形状）
spaghetti_strap	细肩带
spandex	氨纶
spanked	挨打屁股
sparkle	闪闪发光
sparkle_background	闪光背景
sparkling_eyes	闪闪发光的眼睛
sparks	火花
spatula	抹刀
speaker	喇叭喇叭
spear	长矛
spear_the_gungnir	长矛
speech_bubble	语音气球文本泡沫字泡沫
speed_lines	速度线
spell_card	符卡
spider	蜘蛛
spider_girl	蜘蛛女
spider_lily	彼岸花
spider_web	蜘蛛网
spider_web_print	蜘蛛网打印
spiked_armlet	尖刺臂章
spiked_bracelet	尖刺手镯
spiked_collar	钉领
spiked_hair	尖刺发型
spikes	尖刺
spill	洒了
spilling	洒出液体
spitroast	烤肉
spitting	随地吐痰
splashing	水花
split	分裂
split-color_hair	分裂发色
split_mouth	断开的嘴
spoken_anger_vein	口语怒脉
spoken_blush	口语脸红
spoken_ellipsis	省略号
spoken_exclamation_mark	口语感叹号
spoken_heart	口语心
spoken_interrobang	口语询问
spoken_musical_note	口头记录
spoken_question_mark	口语问号
spoken_squiggle	口语花体字
spoken_sweatdrop	口语汗珠
spoon	勺子
sports_bikini	运动比基尼
sports_bra	运动胸衣
sportswear	运动服
spot_color	专色
spotlight	聚光灯
spread_anus	掰开肛门
spread_arms	双臂张开
spread_ass	掰开屁股
spread_fingers	张开手指
spread_legs	双腿分开
spread_pussy	掰开下面
spread_wings	张开翅膀
spring_(season)	春季
spring_onion	韭菜
squatting	蹲着
squatting_cowgirl_position	蹲式骑乘位
squid	乌贼
squiggle	波浪线
squirrel	松鼠
squirrel_ears	松鼠耳朵
squirrel_tail	松鼠尾巴
st._gloriana's_military_uniform	英石。格洛丽亚娜的军装
st._gloriana's_school_uniform	英石。格洛丽亚娜的校服
staff	职员
staff_(music)	乐谱
stage	阶段
stage_lights	舞台灯
stained_glass	彩色玻璃
stairs	楼梯楼梯台阶台阶
stand_(jojo)	站立（jojo）
standing	站立
standing_on_liquid	站在水面上
standing_on_one_leg	一只脚
standing_sex	站着做爱
standing_split	站立分裂
star-shaped_pupils	星形瞳孔
star_(sky)	星星
star_(symbol)	星号（符号）
star_choker	星星项圈
star_earrings	星星耳环
star_hair_ornament	明星发饰
star_hat_ornament	星帽饰品
star_in_eye	眼中的星星
star_print	星印
starfish	海星
staring	盯
starry_sky	星空
starter_pokemon_trio	新手口袋妖怪三人组
statue	雕像
steam	蒸汽
steam_censor	蒸汽遮挡
steaming_body	热气腾腾的身体
steepled_fingers	尖顶手指
stethoscope	听诊器
stick	戳
still_life	静物
stirrup_legwear	马镫裤
stitched	缝针
stitches	针脚
stomach	胃
stomach_bulge	肚子鼓起
stomach_tattoo	腹部纹身
stool	凳子
straddling	跨坐
straight-on	直截了当
straight_hair	直发
straitjacket	直筒夹克
strangling	窒息另一个扼杀
strap	肩带
strap_between_breasts	衣带夹在胸间
strap_gap	表带间隙
strap_pull	拉带
strap_slip	带子打滑
strapless	无肩带
strapless_bikini	露肩比基尼
strapless_bra	无肩带文胸
strapless_dress	露肩连衣裙
strapless_leotard	露肩紧身连衣裤
strappy_heels	系带高跟鞋
straw_hat	草帽
strawberry	草莓
strawberry_print	草莓印花
strawberry_shortcake	草莓脆饼
streaked_hair	挑染
streaming_tears	流泪
street	街道
stretch	伸展身体
striker_unit	前锋单位
string	字符串
string_bikini	系带比基尼
string_of_fate	红线
string_of_flags	一串旗帜
string_panties	细带内裤
striped_background	条纹背景
striped_bikini	条纹比基尼
striped_bow	条纹蝴蝶结
striped_bowtie	条纹领结
striped_bra	条纹文胸
striped_dress	条纹连衣裙
striped_gloves	条纹手套
striped_jacket	条纹夹克
striped_necktie	条纹领带
striped_panties	条纹内裤
striped_pants	条纹裤
striped_ribbon	条纹丝带
striped_scarf	条纹围巾
striped_shirt	条纹上衣
striped_skirt	条纹裙
striped_sleeves	条纹袖
striped_swimsuit	条纹泳装
striped_tail	条纹尾巴
stubble	胡茬
stud_earrings	耳钉
studded_belt	铆钉腰带
stuffed_animal	毛绒玩具
stuffed_cat	毛绒猫
stuffed_toy	毛绒毛绒玩具布偶
style_parody	风格模仿
stylus	写字板笔
submachine_gun	冲锋枪
submerged	湮
subtitled	字幕
suction_cups	吸盘
suggestive_fluid	暗示性液体
suit	套装
suit_jacket	西装外套
suitcase	手提箱
summer	夏季
summer_uniform	夏季制服
sun	太阳
sun_hat	太阳帽
sun_symbol	太阳（符号）
sunbeam	光束
sunburst	朝阳
sundress	夏装
sunflower	向日葵
sunglasses	墨镜
sunlight	阳光
sunrise	日出
sunset	日落
super_crown	超级皇冠
super_robot	超级机器人
super_saiyan	超级赛亚人
surfboard	冲浪板
surgical_mask	医用口罩
surprise_kiss	惊喜之吻
surprised	惊讶
surreal	超现实的
sushi	寿司
suspender_shorts	吊带短裤
suspender_skirt	吊带裙
suspenders	背带
suspension	暂停
sweat	汗水
sweatband	吸汗带
sweatdrop	汗水滴
sweater	毛衣
sweater_around_waist	毛衣围腰
sweater_dress	卫衣裙
sweater_lift	毛衣提升
sweater_vest	毛衣背心
sweet_potato	山药山药
sweets	糖果
swept_bangs	侧扫刘海
swim_briefs	泳裤
swim_trunks	泳裤泳裤
swimming	游泳
swimsuit	泳衣
swimsuit_aside	泳衣放在一边
swimsuit_under_clothes	衣服下的泳衣
swing	秋千
swirl_lollipop	漩涡棒棒糖
sword	剑
sword_of_hisou	飞翔之剑
symbol-shaped_pupils	符号形瞳孔
symbol_in_eye	眼睛里的符号
symmetrical_docking	胸对胸
symmetry	对称的
syringe	注射器
t-shirt	T恤
tabard	战袍
tabi	足袋
table	桌子
tablet_pc	平板电脑
tachi-e	立绘
tail	动物尾巴
tail_bell	尾铃
tail_bow	尾弓
tail_ornament	尾饰
tail_raised	尾巴翘起来
tail_ribbon	尾带
tail_wagging	摇尾巴
tailcoat	燕尾服
taiyaki	鲷鱼烧
take_your_pick	随你挑
taking_picture	拍照
talisman	护符
talking	说
tall_image	高大形象
tally	记数记号
talons	利爪
tan	晒黑
tanabata	七夕
tangzhuang	唐庄
tank	坦克
tank_top	背心
tankini	坦基尼
tanlines	晒痕
tanuki	狸猫
tape	磁带
tape_gag	胶带封口
tareme	塔雷姆
tarot	塔罗牌
tassel	流苏流苏
tassel_earrings	流苏耳环
tasuki	和服袖带
tatami	榻榻米
tate_eboshi	立绘星
tattoo	纹身
taur	牛头人
taut_clothes	绷紧的衣物
taut_shirt	紧身衬衫
tea	茶
teacher	老师
teacup	茶杯茶杯
team_rocket	火箭队
teapot	茶壶
teardrop	泪珠
tearing_up	撕毁
tears	眼泪
teddy_bear	毛绒熊泰迪熊
teeth	露出牙齿
tegaki	手垣
television	电视屏幕电视
tengu-geta	天狗
tennis_racket	网球拍
tennis_uniform	网球服
tentacle_hair	触手毛
tentacle_sex	触手做爱
tentacles	触手
test_tube	试管
testicles	露睾丸
text-only_page	纯文本页面
text_focus	文本
thank_you	谢谢
the_pose	姿势
thick_eyebrows	厚眉
thick_thighs	粗大腿
thigh_boots	长筒靴
thigh_gap	大腿间隙
thigh_grab	大腿抓
thigh_holster	大腿皮套
thigh_ribbon	大腿系带
thigh_sex	腿交
thigh_strap	腿带
thighband_pantyhose	大腿连裤袜
thighhighs	长筒袜
thighhighs_pull	拉大腿
thighhighs_under_boots	靴子下的大腿
thighlet	小腿
thighs	大腿
thinking	思维
third_eye	第三只眼
thong	丁字裤
thong_bikini	丁字裤比基尼
thong_leotard	紧身丁字裤
thorns	荆棘
thought_bubble	思想气球
three-dimensional_maneuver_gear	3毫克
threesome	三人做爱
throne	王座
throwing	扔
thumb_ring	指环
thumbs_up	竖起大拇指
tiara	皇冠
tickling	痒痒
tie_clip	领带别针领带别针领带钉
tied_shirt	绑衬衫
tied_up_(nonsexual)	绑起来
tiger	老虎
tiger_ears	虎耳
tiger_print	虎纹
tiger_tail	虎尾巴
tight_pants	紧身裤
tile_floor	瓷砖地板
tile_wall	瓷砖墙
tiles	瓦
tilted_headwear	倾斜的头饰
time_paradox	时间悖论
tinted_eyewear	有色镜片
tiptoes	尖脚趾
tissue	纸巾
tissue_box	纸巾盒
title	标题
toast	吐司
toe_scrunch	紧握的脚趾卷曲的脚趾脚趾紧缩脚趾卷曲
toeless_footwear	露趾鞋露趾靴露趾鞋
toeless_legwear	露趾袜
toenail_polish	脚趾甲油
toenails	趾甲
toes	脚趾
toilet	马桶
tokin_hat	托金
tokiwadai_school_uniform	常盘台校服
tokkuri	清酒陶瓶
tomato	番茄
tomboy	假小子
tombstone	墓碑墓碑墓碑
tomoe_(symbol)	巴
toned	紧实身材
toned_male	健美的男性
tongue	说方言
tongue_out	伸出舌头
tongue_piercing	舌头穿孔
too_many	太多
toothbrush	牙刷
top-down_bottom-up	屁股朝上
top_hat	魔术师帽子
topknot	顶结
topless	露上身
topless_male	男露上身
torch	火炬
torii	神社门
torn_bodysuit	撕裂的紧身连衣裤
torn_cape	破烂的斗篷
torn_clothes	撕破衣服
torn_dress	破衣服
torn_pants	破裤子
torn_shirt	破衬衫
torn_skirt	撕裂的裙子
torn_sleeves	撕裂的袖子
torogao	托罗高
torpedo	鱼雷
torso_grab	臀部抓腰抓
towel	毛巾
towel_around_neck	肩上的毛巾
towel_on_head	头巾
tower	塔
town	镇
toy	玩具
tracen_school_uniform	校服
track_jacket	运动夹克
track_pants	慢跑裤
track_suit	运动服
trading_card	交易卡
traditional_media	手绘
traffic_light	交通信号灯
train	火车
train_interior	火车内
train_station	火车站
trait_connection	特质联系
transformation	转型
transparent	透明度
transparent_umbrella	透明伞
trash_can	垃圾桶
tray	盘子托盘
treble_clef	高音谱号
tree	树木
tree_shade	树荫
trefoil	三叶草
trembling	颤抖颤抖
trench_coat	风衣
tress_ribbon	丝带
tri_tails	三重尾巴
triangle	三角形
triangle_mouth	三角口
triangular_headpiece	三角头饰
tribadism	女女磨蹭
trick_or_treat	不给糖就捣蛋
trident	三叉戟
trigger_discipline	触发纪律
tripping	旅行
trumpet	喇叭
truth	真相
tsundere	傲娇
tube	管
tube_top	管顶
tulip_hat	郁金香帽
tunic	束腰外衣
turban	头巾
turn_pale	苍白的脸
turnaround	回转
turtle	龟
turtle_shell	鳖甲
turtleneck	高领
turtleneck_sweater	高领毛衣
tusks	獠牙
tuxedo	燕尾服
twilight	暮
twin_braids	双辫子
twin_drills	双钻
twins	双胞胎
twintails	双马尾
twisted_torso	扭曲的躯干
twitching_penis	阴茎抖动
twitter_username	艺术家推特
two-footed_footjob	双脚足交
two-sided_fabric	双面布
two-tone_background	双色背景
two-tone_bowtie	双色领结
two-tone_dress	双色连衣裙
two-tone_fur	双色皮草
two-tone_hair	双色头发
two-tone_ribbon	双色丝带
two-tone_shirt	双色衬衫
two-tone_skin	双色调皮肤
two-tone_skirt	双色裙
two_side_up	两侧向上
two_tails	两条尾巴
tying_hair	扎头发
typo	打字错误
uchiwa	内轮
ufo	飞碟
umbrella	伞
unaligned_breasts	胸不对称
unbuttoned	解开扣子
unbuttoned_shirt	解开的衬衫
uncensored	未打码
unconscious	无意识
under-rim_eyewear	带框眼镜
under_covers	在床上
under_table	桌子底下
underboob	下胸
underboob_cutout	胸下镂空
underbust	下胸围
undercut	底切
undershirt	汗衫
undersized_clothes	尺寸过小的衣服太小
underwater	水下
underwear	内衣
underwear_only	只穿内衣
undressing	脱衣
uneven_eyes	不均匀的眼睛
uneven_gloves	不对称手套
uneven_legwear	不对称裤袜
uneven_sleeves	不对称袖子
unfinished	正在进行中
union_jack	英国国旗
unmoving_pattern	不动的格子
unsheathed	出鞘
unsheathing	出鞘
untied_bikini	解开比基尼
untied_panties	内裤系带解开
unzipped	解压缩
updo	发髻
upper_body	上半身
upright_straddle	坐直跨骑
upscaled	高档的
upside-down	颠倒颠倒
upskirt	裙底视角
uranohoshi_school_uniform	浦之星校服
urethra	尿道
used_condom	用过的避孕套
uterus	子宫
utility_pole	电线杆电线杆
uwabaki	室内鞋（日语）
v	和平标志
v-fin	V型翅片
v-neck	V领
v-shaped_eyebrows	v型眉
v_arms	v型武器
v_over_eye	在眼睛上
vaginal	阴道性交
vaginal_object_insertion	阴道插入物品
valentine	情人节
vambraces	护臂
vampire	吸血鬼
variations	变化
vase	花瓶
vector_trace	跟踪矢量
vegetable	蔬菜
vehicle_focus	车辆焦点
veil	面纱
veins	静脉静脉
veiny_penis	阴茎青筋明显
vending_machine	售货机
veranda	缘川阳台
vertical-striped_dress	竖条纹连衣裙
vertical-striped_shirt	竖条纹罩衫
vertical-striped_skirt	竖条纹半身裙
very_dark_skin	乌木
very_long_hair	很长的头发
very_short_hair	很短的头发
vest	背心
vial	小瓶
vibrator	震动棒
vibrator_under_clothes	衣服下的震动棒
video_game	电子游戏
viewfinder	相机架
vines	藤蔓
violin	小提琴
virgin_killer_sweater	处女杀手毛衣
virtual_youtuber	微博
vision_(genshin_impact)	愿景（genshin
visor_cap	遮阳帽
vocaloid_append	声乐附加
voice_actor_connection	声优连接声优笑话
volleyball	排球
volleyball_uniform	排球服
w_arms	武器
wa_maid	日本女仆
wading	站在液体中行走在液体中
wagashi	日本糖果
waist_apron	半围裙
waist_bow	腰弓
waist_cape	腰披风
waistcoat	马甲
waitress	服务员
waking_up	起来
walk-in	步入
walking	走路
wand	魔法棒
wardrobe_malfunction	衣柜故障
wariza	w-腿
warship	军舰
watch	手表
water	水面
water_bottle	水瓶
water_drop	水滴
water_gun	水枪
watercolor_(medium)	水彩水彩画
watercraft	船只
waterfall	瀑布
watering_can	浇水桶
watermark	版权声明加水印
watermelon	西瓜
watson_cross	沃森克罗斯
waves	海浪
waving	挥手
wavy_hair	波浪发
wavy_mouth	波浪嘴
weapon	武器
weapon_on_back	背上的剑
weapon_over_shoulder	肩上的武器
web_address	网址
wedding	婚姻
wedding_band	婚戒
wedding_dress	婚纱
wedding_ring	婚戒
wedgie	内衣夹入臀缝
weibo_username	微博用户名
wet	浸泡
wet_clothes	湿衣服湿衣服
wet_hair	湿的头发
wet_panties	湿内裤
wet_shirt	湿衬衫
wet_swimsuit	湿泳衣
whale	鲸
what	卧槽
when_you_see_it	你看到它的时候
whip	鞭子
whisk	打蛋器
whisker_markings	晶须标记
whiskers	晶须
whistle	哨
white_apron	白围裙
white_ascot	白色阿斯科特
white_background	白色背景
white_belt	白带
white_bikini	白色比基尼泳裤
white_bloomers	白色灯笼裤
white_blouse	白色女式衬衫
white_bodysuit	白色连体衣
white_border	白色边框
white_bow	白弓
white_bowtie	白色领结
white_bra	白色文胸
white_camisole	白色吊带背心
white_cape	白斗篷
white_capelet	白色披肩
white_cardigan	白色开衫
white_cat	白猫
white_choker	白色项圈
white_coat	白大衣
white_collar	白领
white_dress	白色礼服
white_eyes	白色的眼睛
white_feathers	白色的羽毛
white_flower	白花
white_footwear	白色靴子
white_fur	白色皮毛
white_gloves	白手套
white_hair	白发
white_hairband	白色发带
white_headband	白色头带
white_hoodie	白色连帽衫
white_jacket	白夹克
white_kimono	白色浴衣
white_leotard	白色紧身衣
white_male_underwear	白色男款内裤
white_nails	白指甲
white_neckerchief	白围巾
white_necktie	白色领带
white_outline	白色轮廓
white_panties	白色内裤
white_pants	白裤子
white_pupils	白色瞳孔
white_ribbon	白丝带
white_robe	白袍
white_rose	白玫瑰
white_sailor_collar	白色水手领
white_scarf	白围巾
white_scrunchie	白色发带
white_shirt	白衬衫
white_shorts	白色短裤
white_skin	白皮肤
white_skirt	白裙子
white_sleeves	白色袖子
white_sweater	白毛衣
white_swimsuit	白色泳装
white_tank_top	白色背心
white_theme	白色主题
white_vest	白色背心
white_wings	白色的翅膀
wide-eyed	睁大眼睛震惊的眼睛睁大眼睛睁大眼睛
wide_hips	宽胯
wide_image	宽图像
wide_ponytail	宽马尾辫
wide_shot	广角镜头
wide_sleeves	宽袖
wide_spread_legs	宽张开的腿
wife_and_wife	妻子和妻子
wince	畏缩
wind	风
wind_chime	风铃
wind_lift	裙子吹
window	窗户
windsock	风向袋
wine	葡萄酒
wine_bottle	酒瓶
wine_glass	红酒杯
wing_collar	翼领
winged_arms	带翅膀的武器
wings	翅膀
winter	冬季
winter_clothes	冬天的衣服
winter_coat	冬季夹克
winter_uniform	冬季制服
wire	电线
witch	女巫女巫服装
witch_hat	女巫的帽子
wizard_hat	巫师帽
wolf	狼
wolf_ears	土狼耳朵
wolf_girl	狼女
wolf_tail	土狼尾巴
wooden_bucket	木桶
wooden_floor	木地板
wooden_sword	木剑
world_war_ii	二战
wreath	花圈
wrench	扳手
wrestling	摔角
wrestling_outfit	摔跤装
wrist_cuffs	分离式袖口
wrist_ribbon	腕带
wrist_scrunchie	手腕上的发带
wristband	腕带
wristwatch	腕表
writing	写作
x-ray	射线
x_hair_ornament	x发饰
yandere	病娇
yaoi	男孩的爱男孩爱男孩爱同性恋少年爱少年爱
yasogami_school_uniform	yasogami校服
yawning	打哈欠
year_of_the_ox	牛年
yellow_ascot	黄领巾
yellow_background	黄色背景
yellow_bikini	黄色比基尼下装
yellow_bow	黄弓
yellow_bowtie	黄色领结
yellow_bra	黄色文胸
yellow_choker	黄色项圈
yellow_dress	黄色连衣裙
yellow_eyes	黄眼睛
yellow_flower	黄花
yellow_footwear	黄色靴子
yellow_gloves	黄色手套
yellow_hairband	黄色发带
yellow_jacket	黄夹克
yellow_kimono	黄色浴衣
yellow_nails	黄色指甲
yellow_neckerchief	黄色围巾
yellow_necktie	黄色领带
yellow_panties	黄色内裤
yellow_ribbon	黄丝带
yellow_rose	黄玫瑰
yellow_scarf	黄围巾
yellow_sclera	黄色巩膜
yellow_scrunchie	黄色发带
yellow_shirt	黄色上衣
yellow_shorts	黄色短裤
yellow_skirt	黄色裙子
yellow_sweater	黄色毛衣
yellow_theme	黄色主题
yin_yang	阴阳
yokozuwari	横切
you're_doing_it_wrong	你这样做是错的
you_gonna_get_raped	强奸的眼睛
younger	较年轻
yugake	游挂
yukata	浴衣
yukkuri_shiteitte_ne	放轻松
yunomi	汤美
yuri	女孩的爱女孩爱女孩爱女同性恋少女爱
zero_suit	零花色
zettai_ryouiki	绝对领土绝代良机
zipper	拉链
zipper_pull_tab	拉链拉环
zombie	丧尸
zombie_pose	僵尸姿势
zoom_layer	缩放图层
zouri	祖里
