NSFW裸露风险	裸露	nude	risk
NSFW裸露风险	露上身	topless	risk
NSFW裸露风险	露下身	bottomless	risk
NSFW裸露风险	只穿围裙	naked_apron	risk
NSFW裸露风险	露点	nipples	risk
NSFW裸露风险	凸起乳头	puffy_nipples	risk
NSFW裸露风险	露鸟	penis	risk
NSFW裸露风险	露下面	pussy	risk
NSFW裸露风险	露肛门	anus	risk
NSFW裸露风险	露睾丸	testicles	risk
NSFW性行为风险	做爱	sex	risk
NSFW性行为风险	口交	oral	risk
NSFW性行为风险	阴道性交	vaginal	risk
NSFW性行为风险	肛交	anal	risk
NSFW性行为风险	自慰	masturbation	risk
NSFW性行为风险	指交	fingering	risk
NSFW性行为风险	手交	handjob	risk
NSFW性行为风险	乳交	paizuri	risk
NSFW性行为风险	舔阴	cunnilingus	risk
NSFW性行为风险	口交（男）	fellatio	risk
NSFW性行为风险	深喉	deepthroat	risk
NSFW性行为风险	多人做爱	group_sex	risk
NSFW性行为风险	三人做爱	threesome	risk
NSFW性行为风险	轮流做爱	gangbang	risk
NSFW性行为风险	吸胸	breast_sucking	risk
NSFW性行为风险	穿着衣服做爱	clothed_sex	risk
NSFW性行为风险	射精	ejaculation	risk
NSFW性行为风险	精液	cum	risk
NSFW性行为风险	爱液	pussy_juice	risk
NSFW衣着提示	内衣	underwear	hint
NSFW衣着提示	情趣内衣	lingerie	hint
NSFW衣着提示	胸罩	bra	hint
NSFW衣着提示	内裤	panties	hint
NSFW衣着提示	透视装	see-through	hint
NSFW衣着提示	衣服拨开	clothing_aside	hint
NSFW衣着提示	内裤拨开	panties_aside	hint
NSFW衣着提示	掀胸罩	bra_lift	hint
NSFW衣着提示	掀上衣	shirt_lift	hint
NSFW衣着提示	掀裙子	skirt_lift	hint
NSFW衣着提示	掀连衣裙	dress_lift	hint
NSFW衣着提示	裙底视角	upskirt	hint
NSFW身体提示	胸部	breasts	hint
NSFW身体提示	屁股	ass	hint
NSFW身体提示	乳沟	cleavage	hint
NSFW身体提示	侧胸	sideboob	hint
NSFW身体提示	下胸	underboob	hint
NSFW身体提示	勃起	erection	hint
NSFW体毛提示	阴毛	pubic_hair	hint
NSFW体毛提示	阴毛露出一点	pubic_hair_peek	hint
NSFW体毛提示	阴毛（女）	female_pubic_hair	hint
NSFW体毛提示	阴毛（男）	male_pubic_hair	hint
NSFW接触提示	抓胸	breast_grab	hint
NSFW接触提示	摸身体	groping	hint
NSFW接触提示	挤胸	breast_press	hint
NSFW接触提示	捏乳头	nipple_tweak	hint
NSFW接触提示	抓屁股	ass_grab	hint
NSFW道具提示	情趣玩具	sex_toy	hint
NSFW道具提示	假阳具	dildo	hint
NSFW道具提示	震动棒	vibrator	hint
NSFW场景提示	捆绑	bondage	hint
NSFW场景提示	SM玩法	bdsm	hint
NSFW场景提示	被绑住	bound	hint
NSFW场景提示	口枷	gag	hint
NSFW场景提示	口球	ball_gag	hint
NSFW遮挡提示	打码	censored	hint
NSFW遮挡提示	未打码	uncensored	hint
NSFW遮挡提示	马赛克	mosaic_censoring	hint
NSFW遮挡提示	遮挡条	bar_censor	hint
NSFW体位	后入	sex_from_behind	risk
NSFW体位	狗爬式	doggystyle	risk
NSFW体位	骑乘位	cowgirl_position	risk
NSFW体位	反向骑乘位	reverse_cowgirl_position	risk
NSFW体位	蹲式骑乘位	squatting_cowgirl_position	risk
NSFW体位	传教士式	missionary	risk
NSFW体位	69式	69	risk
NSFW体位	俯卧后入	prone_bone	risk
NSFW体位	站着做爱	standing_sex	risk
NSFW体位	倒吊式	reverse_suspended_congress	risk
NSFW姿态提示	女在上	girl_on_top	hint
NSFW姿态提示	男在上	boy_on_top	hint
NSFW姿态提示	跨坐	straddling	hint
NSFW姿态提示	坐直跨骑	upright_straddle	hint
NSFW性行为风险	深度插入	deep_penetration	risk
NSFW性行为风险	双重插入	double_penetration	risk
NSFW性行为风险	腿交	thigh_sex	risk
NSFW性行为风险	内射（阴道）	cum_in_pussy	risk
NSFW性行为风险	内射（肛门）	cum_in_ass	risk
NSFW性行为风险	射在身上	cum_on_body	risk
NSFW性行为风险	颜射	facial	risk
NSFW裸露风险	全裸	completely_nude	risk
NSFW场景提示	做爱之后	after_sex	hint
NSFW场景提示	暗示做爱	implied_sex	hint
NSFW场景提示	性暗示	sexually_suggestive	hint
