发色特征	黑发	black_hair
发色特征	棕发	brown_hair
发色特征	浅棕发	light_brown_hair
发色特征	金发	blonde_hair
发色特征	红发	red_hair
发色特征	白发	white_hair
发色特征	灰发	grey_hair
发色特征	蓝发	blue_hair
发色特征	绿发	green_hair
发色特征	紫发	purple_hair
发色特征	浅紫发	light_purple_hair
发色特征	粉发	pink_hair
发色特征	橙发	orange_hair
发色特征	青发	aqua_hair
发色特征	多色头发	multicolored_hair
发色特征	双色头发	two-tone_hair
发色特征	渐变发色	gradient_hair
发色特征	挑染	streaked_hair
头发特征	短发	short_hair
头发特征	中长发	medium_hair
头发特征	长发	long_hair
头发特征	很长的头发	very_long_hair
头发特征	黑长发	black_hair+long_hair
头发特征	直发	straight_hair
头发特征	卷发	curly_hair
头发特征	波浪发	wavy_hair
头发特征	蓬乱头发	messy_hair
头发特征	尖刺发型	spiked_hair
头发特征	有光泽的头发	shiny_hair
头发特征	刘海	bangs
头发特征	齐刘海	blunt_bangs
头发特征	分开刘海	parted_bangs
头发特征	侧扫刘海	swept_bangs
头发特征	双马尾	twintails
头发特征	马尾	ponytail
头发特征	高马尾	high_ponytail
头发特征	低马尾	low_ponytail
头发特征	侧马尾	side_ponytail
头发特征	短马尾	short_ponytail
头发特征	辫子	braid
头发特征	双辫子	twin_braids
头发特征	侧辫子	side_braid
头发特征	发髻	hair_bun
头发特征	侧发	sidelocks
头发特征	头发遮住一只眼睛	hair_over_one_eye
头发特征	秃头	bald
身体特征	纤瘦	skinny
身体特征	丰满	plump
身体特征	曲线身材	curvy
身体特征	肌肉	muscular
身体特征	紧实身材	toned
身体特征	腹肌	abs
身体特征	宽胯	wide_hips
身体特征	细腰	narrow_waist
身体特征	粗大腿	thick_thighs
身体特征	肚脐	navel
身体特征	深肤色	dark_skin
身体特征	浅肤色	pale_skin
身体特征	晒黑	tan
身体特征	晒痕	tanlines
身体特征	纹身	tattoo
身体特征	疤痕	scar
身体特征	汗水	sweat
身体特征	裸露	nude
体毛特征	阴毛	pubic_hair
乳房特征	胸部	breasts
乳房特征	平胸	flat_chest
乳房特征	小胸	small_breasts
乳房特征	中等胸	medium_breasts
乳房特征	大胸	large_breasts
乳房特征	巨乳	huge_breasts
乳房特征	乳沟	cleavage
乳房特征	露点	nipples
乳房特征	凸起乳头	puffy_nipples
乳房特征	大乳晕	large_areolae
乳房特征	胸悬垂	hanging_breasts
眼睛特征	蓝眼睛	blue_eyes
眼睛特征	棕眼睛	brown_eyes
眼睛特征	红眼睛	red_eyes
眼睛特征	绿眼睛	green_eyes
眼睛特征	黑眼睛	black_eyes
眼睛特征	紫眼睛	purple_eyes
眼睛特征	灰眼睛	grey_eyes
眼睛特征	黄眼睛	yellow_eyes
眼睛特征	粉眼睛	pink_eyes
眼睛特征	青色眼睛	aqua_eyes
眼睛特征	异色瞳	heterochromia
配饰特征	眼镜	glasses
面部特征	嘴唇	lips
面部特征	厚眉	thick_eyebrows
面部特征	睫毛	eyelashes
面部特征	雀斑	freckles
神态表情	微笑	smile
神态表情	脸红	blush
体毛特征	面部毛发	facial_hair
配饰特征	墨镜	sunglasses
配饰特征	圆框眼镜	round_eyewear
配饰特征	无框眼镜	rimless_eyewear
配饰特征	半框眼镜	semi-rimless_eyewear
配饰特征	黑框眼镜	black-framed_eyewear
配饰特征	红框眼镜	red-framed_eyewear
配饰特征	蓝框眼镜	blue-framed_eyewear
配饰特征	粉框眼镜	pink-framed_eyewear
配饰特征	绿框眼镜	green-framed_eyewear
配饰特征	灰框眼镜	grey-framed_eyewear
配饰特征	有色镜片	tinted_eyewear
配饰特征	眼镜戴在头上	eyewear_on_head
配饰特征	帽子	hat
动作姿态	站立	standing
动作姿态	坐着	sitting
动作姿态	躺着	lying
动作姿态	跪着	kneeling
动作姿态	蹲着	squatting
动作姿态	弯腰	bent_over
动作姿态	走路	walking
动作姿态	跑步	running
动作姿态	跳跃	jumping
动作姿态	跳舞	dancing
动作姿态	举起手臂	arms_up
动作姿态	双手举起	hands_up
动作姿态	双手放在脑后	arms_behind_head
动作姿态	双手放在背后	arms_behind_back
动作姿态	单手叉腰	hand_on_hip
动作姿态	双手叉腰	hands_on_hips
动作姿态	交叉双臂	crossed_arms
动作姿态	交叉双腿	crossed_legs
动作姿态	挥手	waving
动作姿态	指向	pointing
动作姿态	伸手	reaching
动作姿态	前倾	leaning_forward
动作姿态	后仰	leaning_back
动作姿态	仰卧	on_back
动作姿态	侧卧	on_side
动作姿态	俯卧	on_stomach
动作姿态	歪头	head_tilt
动作姿态	看向镜头	looking_at_viewer
动作姿态	看向侧面	looking_to_the_side
动作姿态	向上看	looking_up
动作姿态	向下看	looking_down
动作姿态	回头看	looking_back
神态表情	露齿笑	grin
神态表情	大笑	laughing
神态表情	哭泣	crying
神态表情	生气	angry
神态表情	悲伤	sad
神态表情	惊讶	surprised
神态表情	无表情	expressionless
神态表情	嘟嘴	pout
神态表情	皱眉	frown
神态表情	严肃	serious
神态表情	害羞	shy
神态表情	尴尬	embarrassed
神态表情	紧张	nervous
神态表情	害怕	scared
神态表情	困倦	sleepy
神态表情	睡着	sleeping
神态表情	闭眼	closed_eyes
神态表情	半闭眼	half-closed_eyes
神态表情	闭一只眼	one_eye_closed
神态表情	张嘴	open_mouth
神态表情	微张嘴唇	parted_lips
神态表情	鼻子泛红	nose_blush
体毛特征	体毛	body_hair
体毛特征	体毛较多	hairy
体毛特征	腋毛	armpit_hair
体毛特征	胸毛	chest_hair
体毛特征	腿毛	leg_hair
体毛特征	胡须	beard
体毛特征	胡子	mustache
体毛特征	胡茬	stubble
