动作姿态	四肢撑地	all_fours
动作姿态	单膝跪地	one_knee
动作姿态	双腿分开	spread_legs
动作姿态	抬腿	leg_up
动作姿态	双腿抬起	legs_up
动作姿态	单膝抬起	knee_up
动作姿态	收腿坐姿	knees_up
动作姿态	抱膝	knees_to_chest
动作姿态	正坐	seiza
动作姿态	盘腿坐	indian_style
动作姿态	伸展	stretch
动作姿态	倚靠	leaning
动作姿态	俯身趴卧	lying+on_stomach
动作姿态	侧躺	lying+on_side
动作姿态	平躺	lying+on_back
人物朝向	背向镜头	from_behind
人物朝向	侧面视角	from_side
人物朝向	侧脸	profile
人物朝向	上方视角	from_above
人物朝向	下方视角	from_below
人物构图	全身	full_body
人物构图	上半身	upper_body
人物构图	特写	close-up
人物构图	肖像	portrait
人物接触	拥抱	hug
人物接触	接吻	kiss
人物接触	牵手	holding_hands
人物接触	搂腰	arm_around_waist
人物接触	搭肩	arm_around_shoulder
人物服饰	T恤	t-shirt
人物服饰	短裤	shorts
人物服饰	长裤	pants
人物服饰	紧身裤	leggings
人物服饰	吊带上衣	camisole
人物服饰	露脐上衣	crop_top
人物服饰	运动胸衣	sports_bra
人物服饰	比基尼	bikini
人物服饰	连体泳衣	one-piece_swimsuit
人物服饰	长袍	robe
人物服饰	睡衣	pajamas
人物服饰	高跟鞋	high_heels
人物服饰	长筒袜	thighhighs
人物服饰	裤袜	pantyhose
人物服饰	赤脚	barefoot
人物服饰	裸肩	bare_shoulders
人物服饰	露背	bare_back
